geography,metric,week_num,race_var,mean,se,moe_95,moe_95_lb,moe_95_ub,geo_type
AK,uninsured,wk1_2,asian,0.08810991977239294,0.03642097727087188,0.07138511545090888,0.016724804321484057,0.15949503522330183,state
AK,uninsured,wk1_2,black,0.09008123348282684,0.06928337651560244,0.13579541797058078,-0.04571418448775394,0.22587665145340763,state
AK,uninsured,wk1_2,hispanic,0.10045769544855943,0.034155945473264775,0.06694565312759895,0.03351204232096047,0.16740334857615838,state
AK,uninsured,wk1_2,other,0.18147579547774068,0.044177096649365026,0.08658710943275545,0.09488868604498522,0.2680629049104961,state
AK,uninsured,wk1_2,white,0.11296108586123767,0.014224166257748637,0.027879365865187328,0.08508171999605034,0.140840451726425,state
AL,uninsured,wk1_2,asian,0.05246105955868565,0.04875767113661651,0.09556503542776837,-0.04310397586908272,0.14802609498645403,state
AL,uninsured,wk1_2,black,0.09628777393415222,0.0320913295939411,0.06289900600412456,0.033388767930027666,0.1591867799382768,state
AL,uninsured,wk1_2,hispanic,0.27951053923639957,0.15431661519045994,0.3024605657733015,-0.022950026536901924,0.5819711050097011,state
AL,uninsured,wk1_2,other,0.018287243017624726,0.017106520345902765,0.03352877987796942,-0.015241536860344695,0.051816022895594144,state
AL,uninsured,wk1_2,white,0.10646218174943178,0.018235534502598256,0.03574164762509258,0.07072053412433921,0.14220382937452436,state
AR,uninsured,wk1_2,asian,0.2628589219054409,0.2183283998802995,0.42792366376538704,-0.16506474185994613,0.690782585670828,state
AR,uninsured,wk1_2,black,0.07324368866022102,0.02814785081518396,0.05516978759776056,0.018073901062460457,0.12841347625798158,state
AR,uninsured,wk1_2,hispanic,0.13907635748466032,0.07445989841731482,0.14594140089793703,-0.006865043413276706,0.28501775838259735,state
AR,uninsured,wk1_2,other,0.1528801554641755,0.11311834769754738,0.22171196148719285,-0.06883180602301736,0.37459211695136835,state
AR,uninsured,wk1_2,white,0.08146463721356431,0.01627291487993359,0.03189491316466984,0.049569724048894474,0.11335955037823414,state
AZ,uninsured,wk1_2,asian,0.03289729114526061,0.023728495288477827,0.04650785076541654,-0.013610559620155928,0.07940514191067716,state
AZ,uninsured,wk1_2,black,0.0631023251826398,0.029644078940145358,0.0581023947226849,0.004999930459954907,0.1212047199053247,state
AZ,uninsured,wk1_2,hispanic,0.2547060111633263,0.04259056373781007,0.08347750492610773,0.17122850623721858,0.33818351608943403,state
AZ,uninsured,wk1_2,other,0.16782098181678587,0.08015261303584882,0.15709912155026368,0.010721860266522193,0.3249201033670496,state
AZ,uninsured,wk1_2,white,0.07701574824175317,0.00815015021904235,0.015974294429323008,0.06104145381243016,0.09299004267107618,state
CA,uninsured,wk1_2,asian,0.08570338474164012,0.021089106480739136,0.041334648702248705,0.04436873603939141,0.1270380334438888,state
CA,uninsured,wk1_2,black,0.17992721707673556,0.06302855809620922,0.12353597386857007,0.05639124320816549,0.3034631909453056,state
CA,uninsured,wk1_2,hispanic,0.1442542097016053,0.017673155838793645,0.034639385444035546,0.10961482425756974,0.17889359514564085,state
CA,uninsured,wk1_2,other,0.06377233394794346,0.026924090958927373,0.05277121827949765,0.011001115668445811,0.11654355222744112,state
CA,uninsured,wk1_2,white,0.047886411560044535,0.011590510085995183,0.02271739976855056,0.025169011791493976,0.0706038113285951,state
CO,uninsured,wk1_2,asian,0.026634392671582813,0.016758545134976197,0.03284674846455334,-0.006212355792970529,0.05948114113613616,state
CO,uninsured,wk1_2,black,0.3365209444607553,0.11032896257835745,0.21624476665358058,0.12027617780717473,0.5527657111143359,state
CO,uninsured,wk1_2,hispanic,0.09226408948933419,0.03855642243962669,0.07557058798166831,0.01669350150766588,0.1678346774710025,state
CO,uninsured,wk1_2,other,0.14807797685381419,0.05420809140454498,0.10624785915290816,0.04183011770090603,0.2543258360067223,state
CO,uninsured,wk1_2,white,0.08317013344006045,0.014535340329322391,0.028489267045471885,0.054680866394588565,0.11165940048553234,state
CT,uninsured,wk1_2,asian,0.07896715929645215,0.06299176859597605,0.12346386644811305,-0.0444967071516609,0.2024310257445652,state
CT,uninsured,wk1_2,black,0.048997662029895,0.03568423403495623,0.0699410987085142,-0.0209434366786192,0.1189387607384092,state
CT,uninsured,wk1_2,hispanic,0.2255009958708985,0.08371601551428257,0.16408339040799383,0.06141760546290467,0.38958438627889236,state
CT,uninsured,wk1_2,other,0.045091827409973965,0.03744969159669198,0.07340139552951629,-0.02830956811954232,0.11849322293949024,state
CT,uninsured,wk1_2,white,0.029713683091480765,0.01059114962488811,0.020758653264780692,0.008955029826700073,0.05047233635626146,state
DC,uninsured,wk1_2,asian,0.014582799697935954,0.012861103116564913,0.02520776210846723,-0.010624962410531276,0.03979056180640318,state
DC,uninsured,wk1_2,black,0.09552061690487464,0.030009321896049577,0.058818270916257166,0.03670234598861747,0.1543388878211318,state
DC,uninsured,wk1_2,hispanic,0.18023779690012953,0.0697917661448811,0.13679186164396695,0.04344593525616258,0.3170296585440965,state
DC,uninsured,wk1_2,other,0.01646601307540893,0.02057752667633415,0.04033195228561493,-0.023865939210206,0.05679796536102386,state
DC,uninsured,wk1_2,white,0.02580199720577657,0.014127408809642196,0.027689721266898705,-0.0018877240611221355,0.053491718472675275,state
DE,uninsured,wk1_2,asian,0.05237975756063919,0.040848527173760835,0.08006311326057124,-0.02768335569993205,0.13244287082121042,state
DE,uninsured,wk1_2,black,0.07830851764028299,0.03055172417386633,0.059881379380778005,0.018427138259504983,0.138189897021061,state
DE,uninsured,wk1_2,hispanic,0.13383640470223107,0.03986772676093955,0.07814074445144151,0.055695660250789564,0.21197714915367258,state
DE,uninsured,wk1_2,other,0.03601130525151563,0.03199600940712207,0.06271217843795926,-0.02670087318644363,0.0987234836894749,state
DE,uninsured,wk1_2,white,0.06315328160335203,0.012482059532294539,0.024464836683297294,0.03868844492005473,0.08761811828664932,state
FL,uninsured,wk1_2,asian,0.10852389029978775,0.04793478452706672,0.09395217767305077,0.014571712626736982,0.2024760679728385,state
FL,uninsured,wk1_2,black,0.18536791770437736,0.045408161732594134,0.0889999969958845,0.09636792070849286,0.27436791470026184,state
FL,uninsured,wk1_2,hispanic,0.128024837543369,0.022196394692351552,0.04350493359700904,0.08451990394635994,0.17152977114037804,state
FL,uninsured,wk1_2,other,0.05428179007265379,0.039011636188703847,0.07646280692985954,-0.022181016857205756,0.13074459700251334,state
FL,uninsured,wk1_2,white,0.09081493983977579,0.010739933834312076,0.021050270315251668,0.06976466952452412,0.11186521015502746,state
GA,uninsured,wk1_2,asian,0.26490834393429963,0.09262701983524753,0.18154895887708516,0.08335938505721446,0.4464573028113848,state
GA,uninsured,wk1_2,black,0.17003028579390042,0.04075994862937495,0.0798894993135749,0.09014078648032552,0.2499197851074753,state
GA,uninsured,wk1_2,hispanic,0.24370426449200364,0.06784085505577417,0.13296807590931736,0.11073618858268627,0.376672340401321,state
GA,uninsured,wk1_2,other,0.20160311832028796,0.05968497368150165,0.11698254841574322,0.08462056990454474,0.31858566673603117,state
GA,uninsured,wk1_2,white,0.11485450637977626,0.011240715875718382,0.022031803116408028,0.09282270326336824,0.1368863094961843,state
HI,uninsured,wk1_2,asian,0.04279540521134796,0.011220787253733877,0.0219927430173184,0.020802662194029563,0.06478814822866635,state
HI,uninsured,wk1_2,black,0.0052772465554848874,0.007329884196903844,0.014366573025931533,-0.009089326470446645,0.019643819581416422,state
HI,uninsured,wk1_2,hispanic,0.0822614936892826,0.04452443498074077,0.0872678925622519,-0.005006398872969303,0.1695293862515345,state
HI,uninsured,wk1_2,other,0.14240033705835095,0.0782298090335844,0.15333042570582542,-0.010930088647474467,0.29573076276417637,state
HI,uninsured,wk1_2,white,0.03490721359499207,0.010516700799742873,0.02061273356749603,0.014294480027496038,0.0555199471624881,state
IA,uninsured,wk1_2,asian,0.04507394433913633,0.03744656293510373,0.07339526335280332,-0.02832131901366699,0.11846920769193964,state
IA,uninsured,wk1_2,black,0.16345373678651298,0.0976447447812395,0.1913836997712294,-0.027929962984716422,0.35483743655774236,state
IA,uninsured,wk1_2,hispanic,0.12753275504430284,0.07456021007088363,0.14613801173893193,-0.01860525669462909,0.27367076678323476,state
IA,uninsured,wk1_2,other,0.09194456729405494,0.06863811193314168,0.13453069938895768,-0.04258613209490274,0.2264752666830126,state
IA,uninsured,wk1_2,white,0.033789436115535906,0.007771436457187956,0.015232015456088394,0.018557420659447512,0.0490214515716243,state
ID,uninsured,wk1_2,asian,0.15426023089317836,0.10005467781222463,0.19610716851196028,-0.041846937618781915,0.3503673994051386,state
ID,uninsured,wk1_2,black,0,0,0,0,0,state
ID,uninsured,wk1_2,hispanic,0.12728768674552118,0.04451421975963537,0.08724787072888532,0.040039816016635865,0.2145355574744065,state
ID,uninsured,wk1_2,other,0.07713704468346703,0.03981461020109389,0.07803663599414402,-8.995913106769893e-4,0.15517368067761106,state
ID,uninsured,wk1_2,white,0.09991594622123415,0.01446194558243332,0.028345413341569307,0.07157053287966483,0.12826135956280346,state
IL,uninsured,wk1_2,asian,0.06948341074652058,0.03496142764042898,0.0685243981752408,9.590125712797826e-4,0.13800780892176137,state
IL,uninsured,wk1_2,black,0.14509249560185494,0.036518763090928205,0.07157677565821928,0.07351571994363566,0.21666927126007424,state
IL,uninsured,wk1_2,hispanic,0.2637617231199752,0.06819072750460728,0.13365382590903027,0.13010789721094493,0.39741554902900544,state
IL,uninsured,wk1_2,other,0.2730234328159616,0.156414822149962,0.3065730514139255,-0.033549618597963904,0.5795964842298871,state
IL,uninsured,wk1_2,white,0.07065648554642848,0.01569141569546663,0.030755174763114592,0.03990131078331388,0.10141166030954307,state
IN,uninsured,wk1_2,asian,0.04246860728251047,0.049526138776794806,0.09707123200251781,-0.05460262472000734,0.13953983928502828,state
IN,uninsured,wk1_2,black,0.1204581714820218,0.04132048259778557,0.08098814589165972,0.039470025590362084,0.20144631737368152,state
IN,uninsured,wk1_2,hispanic,0.10740279870739078,0.053480176196632326,0.10482114534539935,0.002581653361991426,0.21222394405279013,state
IN,uninsured,wk1_2,other,0.023471767013721227,0.016594401776481107,0.03252502748190297,-0.00905326046818174,0.0559967944956242,state
IN,uninsured,wk1_2,white,0.0843986309512964,0.012498417232800846,0.024496897776289658,0.059901733175006744,0.10889552872758607,state
KS,uninsured,wk1_2,asian,0.3256805969580276,0.18797812000711822,0.3684371152139517,-0.042756518255924136,0.6941177121719793,state
KS,uninsured,wk1_2,black,0.17378746183141128,0.0740960204367076,0.1452282000559469,0.02855926177546439,0.3190156618873582,state
KS,uninsured,wk1_2,hispanic,0.38155091435229854,0.07743175771705751,0.15176624512543271,0.22978466922686583,0.5333171594777313,state
KS,uninsured,wk1_2,other,0.08918291581817724,0.05138793454674026,0.10072035171161091,-0.011537435893433673,0.18990326752978814,state
KS,uninsured,wk1_2,white,0.10933830375502801,0.019621315474181795,0.038457778329396314,0.0708805254256317,0.14779608208442432,state
KY,uninsured,wk1_2,asian,0.17662506286295226,0.1253862292828935,0.24575700939447126,-0.069131946531519,0.4223820722574235,state
KY,uninsured,wk1_2,black,0.11681892369183039,0.06935858651137346,0.13594282956229198,-0.01912390587046159,0.25276175325412237,state
KY,uninsured,wk1_2,hispanic,0.14731327847136777,0.07340215715746111,0.14386822802862378,0.0034450504427439854,0.2911815064999915,state
KY,uninsured,wk1_2,other,0.04730199705133153,0.04060741310086227,0.07959052967769005,-0.03228853262635852,0.12689252672902157,state
KY,uninsured,wk1_2,white,0.050566145429861376,0.009620759240663536,0.01885668811170053,0.03170945731816084,0.06942283354156191,state
LA,uninsured,wk1_2,asian,0.10428131866580136,0.09243792387554298,0.18117833079606424,-0.07689701213026288,0.2854596494618656,state
LA,uninsured,wk1_2,black,0.09529665974297122,0.02732076003513243,0.05354868966885956,0.04174797007411166,0.14884534941183078,state
LA,uninsured,wk1_2,hispanic,0.11655459923491811,0.06258384394638855,0.12266433413492156,-0.006109734900003452,0.23921893336983968,state
LA,uninsured,wk1_2,other,0,0,0,0,0,state
LA,uninsured,wk1_2,white,0.09658582632752132,0.02252215487856887,0.044143423561994986,0.05244240276552633,0.1407292498895163,state
MA,uninsured,wk1_2,asian,0.04886098691238238,0.02956467945091701,0.057946771723797336,-0.009085784811414956,0.10680775863617972,state
MA,uninsured,wk1_2,black,0.11049817601997347,0.03755201717471403,0.07360195366243949,0.03689622235753398,0.18410012968241296,state
MA,uninsured,wk1_2,hispanic,0.06065747204985464,0.020969310538350314,0.04109984865516662,0.01955762339468802,0.10175732070502125,state
MA,uninsured,wk1_2,other,0.13407620946078014,0.07979682653534213,0.15640178000927057,-0.022325570548490437,0.2904779894700507,state
MA,uninsured,wk1_2,white,0.05151662176567465,0.016914899182153793,0.033153202397021436,0.01836341936865321,0.08466982416269608,state
MD,uninsured,wk1_2,asian,0.010745898758720982,0.010217893664401548,0.020027071582227034,-0.009281172823506052,0.030772970340948017,state
MD,uninsured,wk1_2,black,0.148189116644654,0.05086732934603218,0.09969996551822306,0.04848915112643094,0.24788908216287708,state
MD,uninsured,wk1_2,hispanic,0.05759651057597473,0.030431623432424133,0.0596459819275513,-0.0020494713515765706,0.11724249250352603,state
MD,uninsured,wk1_2,other,0.05042213891663931,0.03084391798086865,0.060454079242502554,-0.010031940325863242,0.11087621815914186,state
MD,uninsured,wk1_2,white,0.024169565131502105,0.006391955719372626,0.012528233209970346,0.011641331921531758,0.03669779834147245,state
ME,uninsured,wk1_2,asian,0,0,0,0,0,state
ME,uninsured,wk1_2,black,0.38071836264451414,0.2548349550398848,0.49947651187817416,-0.11875814923366002,0.8801948745226883,state
ME,uninsured,wk1_2,hispanic,0.057866995691746886,0.05492805264118503,0.10765898317672265,-0.049791987484975764,0.16552597886846954,state
ME,uninsured,wk1_2,other,0.1010974237700443,0.06004420079572745,0.1176866335596258,-0.016589209789581505,0.2187840573296701,state
ME,uninsured,wk1_2,white,0.08866250373621803,0.014959668977098555,0.029320951195113167,0.05934155254110487,0.1179834549313312,state
MI,uninsured,wk1_2,asian,0.14793091155988217,0.10683538971684273,0.20939736384501173,-0.061466452285129564,0.35732827540489387,state
MI,uninsured,wk1_2,black,0.06231226245700146,0.02405714254826586,0.04715199939460109,0.01516026306240037,0.10946426185160255,state
MI,uninsured,wk1_2,hispanic,0.18434668745277455,0.08772389248424775,0.1719388292691256,0.012407858183648951,0.3562855167219001,state
MI,uninsured,wk1_2,other,0.13579687321545902,0.06949622905726122,0.13621260895223197,-4.157357367729486e-4,0.272009482167691,state
MI,uninsured,wk1_2,white,0.060980297984460925,0.009010627881318466,0.017660830647384194,0.04331946733707673,0.07864112863184512,state
MN,uninsured,wk1_2,asian,0.04808852167658919,0.029634962600984065,0.05808452669792877,-0.009996005021339578,0.10617304837451796,state
MN,uninsured,wk1_2,black,0.045261625696772986,0.027835111605394376,0.05455681874657298,-0.00929519304979999,0.09981844444334596,state
MN,uninsured,wk1_2,hispanic,0.04853336622092118,0.029496982149922687,0.057814085013848465,-0.009280718792927287,0.10634745123476964,state
MN,uninsured,wk1_2,other,0.1066383722530195,0.09584945865332052,0.1878649389605082,-0.0812265667074887,0.2945033112135277,state
MN,uninsured,wk1_2,white,0.04732391424754511,0.007841476015889054,0.015369292991142546,0.03195462125640257,0.06269320723868765,state
MO,uninsured,wk1_2,asian,0.13028062152416817,0.08445925588805803,0.16554014154059374,-0.03525952001642557,0.2958207630647619,state
MO,uninsured,wk1_2,black,0.13645893841411955,0.05543233115382161,0.10864736906149035,0.027811569352629198,0.2451063074756099,state
MO,uninsured,wk1_2,hispanic,0.3113927854301028,0.15753750496323937,0.30877350972794915,0.002619275702153645,0.620166295158052,state
MO,uninsured,wk1_2,other,0.16527329655863973,0.08613583136757927,0.16882622948045536,-0.0035529329218156325,0.3340995260390951,state
MO,uninsured,wk1_2,white,0.1486843812880347,0.01899573790652517,0.03723164629678933,0.11145273499124539,0.18591602758482403,state
MS,uninsured,wk1_2,asian,0.37669147473756237,0.20131390828589774,0.39457526024035955,-0.017883785502797178,0.7712667349779219,state
MS,uninsured,wk1_2,black,0.23325171964070698,0.05133777726162378,0.10062204343278261,0.13262967620792437,0.3338737630734896,state
MS,uninsured,wk1_2,hispanic,0.06802814164837162,0.030773758254216778,0.060316566178264884,0.0077115754701067366,0.1283447078266365,state
MS,uninsured,wk1_2,other,0.11996941311484108,0.07412641659628694,0.1452877765287224,-0.02531836341388133,0.2652571896435635,state
MS,uninsured,wk1_2,white,0.13249104674816922,0.02611868160688289,0.05119261594949046,0.08129843079867877,0.18368366269765968,state
MT,uninsured,wk1_2,asian,0.0769378126265162,0.09052092351137261,0.17742101008229033,-0.10048319745577414,0.2543588227088065,state
MT,uninsured,wk1_2,black,0,0,0,0,0,state
MT,uninsured,wk1_2,hispanic,0.028342500177691597,0.018633391325543425,0.03652144699806511,-0.008178946820373512,0.0648639471757567,state
MT,uninsured,wk1_2,other,0.10893211217494972,0.042247541618071587,0.0828051815714203,0.026126930603529414,0.19173729374637002,state
MT,uninsured,wk1_2,white,0.061508026000476064,0.011657224605178295,0.02284816022614946,0.038659865774326604,0.08435618622662552,state
NC,uninsured,wk1_2,asian,0.06045684488859677,0.055222861614665095,0.10823680876474358,-0.04777996387614681,0.16869365365334035,state
NC,uninsured,wk1_2,black,0.10425926111796707,0.024459059749575796,0.047939757109168556,0.05631950400879852,0.15219901822713564,state
NC,uninsured,wk1_2,hispanic,0.2627049724965801,0.10820885495768748,0.21208935571706744,0.05061561677951265,0.47479432821364753,state
NC,uninsured,wk1_2,other,0.11711852179748321,0.05042080544418535,0.09882477867060328,0.018293743126879924,0.2159433004680865,state
NC,uninsured,wk1_2,white,0.11247423430823335,0.016001030036409077,0.03136201887136179,0.08111221543687155,0.14383625317959514,state
ND,uninsured,wk1_2,asian,0.15726200806355864,0.1097966225464047,0.2152013801909532,-0.057939372127394556,0.37246338825451186,state
ND,uninsured,wk1_2,black,0.4348554824663876,0.31607170502248544,0.6195005418440714,-0.18464505937768383,1.054356024310459,state
ND,uninsured,wk1_2,hispanic,0.036109651874592155,0.030266270530526666,0.05932189023983226,-0.023212238365240105,0.09543154211442442,state
ND,uninsured,wk1_2,other,0.22791434348915451,0.13578290247367786,0.2661344888484086,-0.03822014535925411,0.49404883233756314,state
ND,uninsured,wk1_2,white,0.06372764936731923,0.012143962277377683,0.023802166063660257,0.03992548330365897,0.08752981543097949,state
NE,uninsured,wk1_2,asian,0.1593323088966621,0.10291339085644648,0.20171024607863508,-0.04237793718197297,0.3610425549752972,state
NE,uninsured,wk1_2,black,0.38971606100383616,0.1398806628657655,0.2741660992169004,0.11554996178693577,0.6638821602207365,state
NE,uninsured,wk1_2,hispanic,0.12329101964335772,0.04436183872159528,0.08694920389432674,0.036341815749030976,0.21024022353768446,state
NE,uninsured,wk1_2,other,0.24399948034056565,0.15831594655484366,0.3102992552474936,-0.06629977490692793,0.5542987355880592,state
NE,uninsured,wk1_2,white,0.06135261242838363,0.009998381252823551,0.01959682725553416,0.04175578517284947,0.0809494396839178,state
NH,uninsured,wk1_2,asian,0.031016962030839985,0.027218022271653097,0.05334732365244007,-0.022330361621600084,0.08436428568328005,state
NH,uninsured,wk1_2,black,0,0,0,0,0,state
NH,uninsured,wk1_2,hispanic,0.13995114186661112,0.07509192474813947,0.14718017250635337,-0.007229030639742257,0.28713131437296446,state
NH,uninsured,wk1_2,other,0.07962548939307423,0.07270265417862795,0.14249720219011078,-0.06287171279703654,0.222122691583185,state
NH,uninsured,wk1_2,white,0.08773897392089244,0.014584126114136,0.02858488718370656,0.05915408673718588,0.116323861104599,state
NJ,uninsured,wk1_2,asian,0.07194006576203914,0.050125813573778016,0.09824659460460491,-0.026306528842565777,0.17018666036664404,state
NJ,uninsured,wk1_2,black,0.0578516316263284,0.021988439322505212,0.04309734107211022,0.014754290554218182,0.10094897269843861,state
NJ,uninsured,wk1_2,hispanic,0.2426830429407689,0.05668845876903229,0.11110937918730329,0.1315736637534656,0.35379242212807216,state
NJ,uninsured,wk1_2,other,0.07233627719185691,0.06295123891947191,0.12338442828216493,-0.051048151090308025,0.19572070547402184,state
NJ,uninsured,wk1_2,white,0.030989773528937968,0.0071656911647393065,0.01404475468288904,0.016945018846048928,0.045034528211827005,state
NM,uninsured,wk1_2,asian,0.018954176996185415,0.019463871173851142,0.038149187500748236,-0.01919501050456282,0.05710336449693365,state
NM,uninsured,wk1_2,black,0,0,0,0,0,state
NM,uninsured,wk1_2,hispanic,0.05512611849784966,0.015246113083032193,0.029882381642743098,0.02524373685510656,0.08500850014059276,state
NM,uninsured,wk1_2,other,0.09931074572101638,0.039757695268656953,0.07792508272656763,0.021385662994448745,0.177235828447584,state
NM,uninsured,wk1_2,white,0.0578025950624955,0.012758296887469888,0.025006261899440982,0.03279633316305452,0.08280885696193649,state
NV,uninsured,wk1_2,asian,0.0807721679759255,0.04308683447721002,0.08445019557533164,-0.0036780275994061362,0.16522236355125713,state
NV,uninsured,wk1_2,black,0.1254723912287428,0.060438479299072374,0.11845941942618185,0.007012971802560941,0.24393181065492464,state
NV,uninsured,wk1_2,hispanic,0.24774995672066627,0.06509268542427092,0.127581663431571,0.12016829328909526,0.3753316201522373,state
NV,uninsured,wk1_2,other,0.042693834913019146,0.023354200861136837,0.0457742336878282,-0.0030803987748090553,0.08846806860084735,state
NV,uninsured,wk1_2,white,0.05210093624539937,0.011668969584656583,0.022871180385926903,0.029229755859472465,0.07497211663132627,state
NY,uninsured,wk1_2,asian,0.06607822537105591,0.03790664944338381,0.07429703290903227,-0.008218807537976353,0.14037525828008818,state
NY,uninsured,wk1_2,black,0.19790351904629597,0.05217210141740162,0.10225731877810718,0.09564620026818879,0.30016083782440317,state
NY,uninsured,wk1_2,hispanic,0.1333275703879503,0.040838637950168157,0.08004373038232959,0.0532838400056207,0.21337130077027988,state
NY,uninsured,wk1_2,other,0.03951649099952194,0.023977324238976496,0.04699555550839393,-0.007479064508871994,0.08651204650791587,state
NY,uninsured,wk1_2,white,0.02861141909399635,0.006653172864421255,0.01304021881426566,0.015571200279730692,0.04165163790826201,state
OH,uninsured,wk1_2,asian,0.07364698965757198,0.06488372372025389,0.1271720984916976,-0.05352510883412563,0.20081908814926958,state
OH,uninsured,wk1_2,black,0.15685183975634592,0.04884144568022241,0.09572923353323592,0.06112260622311,0.25258107328958185,state
OH,uninsured,wk1_2,hispanic,0.03176766879955905,0.03203968234869622,0.06279777740344458,-0.031030108603885533,0.09456544620300364,state
OH,uninsured,wk1_2,other,0.061133011260924776,0.05751210348856892,0.11272372283759509,-0.05159071157667031,0.17385673409851987,state
OH,uninsured,wk1_2,white,0.08369255731725461,0.019429909776136255,0.038082623161227055,0.04560993415602756,0.12177518047848167,state
OK,uninsured,wk1_2,asian,0.05963995632747992,0.04642017208050509,0.09098353727778997,-0.031343580950310056,0.1506234936052699,state
OK,uninsured,wk1_2,black,0.10657653045754059,0.04233261453046553,0.08297192447971244,0.023604605977828153,0.18954845493725303,state
OK,uninsured,wk1_2,hispanic,0.5213990090855609,0.10925045915562977,0.21413089994503434,0.3072681091405266,0.7355299090305952,state
OK,uninsured,wk1_2,other,0.1952360302128066,0.048369997820847985,0.09480519572886205,0.10043083448394456,0.29004122594166865,state
OK,uninsured,wk1_2,white,0.1285477843831688,0.02032933786932838,0.039845502223883625,0.08870228215928518,0.16839328660705244,state
OR,uninsured,wk1_2,asian,0.030645196129725816,0.030544335191263258,0.05986689697487598,-0.029221700845150165,0.0905120931046018,state
OR,uninsured,wk1_2,black,0.011323624772340285,0.014025886803329016,0.02749073813452487,-0.016167113362184585,0.03881436290686516,state
OR,uninsured,wk1_2,hispanic,0.2580304311137399,0.09401063417306192,0.18426084297920137,0.07376958813453854,0.4422912740929413,state
OR,uninsured,wk1_2,other,0.0530245954548205,0.034204942909568666,0.06704168810275458,-0.014017092647934083,0.1200662835575751,state
OR,uninsured,wk1_2,white,0.05733841690684115,0.012153605488766974,0.02382106675798327,0.03351735014885788,0.08115948366482442,state
PA,uninsured,wk1_2,asian,0.012098091030075236,0.0093966527303154,0.018417439351418183,-0.006319348321342948,0.03051553038149342,state
PA,uninsured,wk1_2,black,0.0867715870324985,0.02196690380216723,0.04305513145224777,0.04371645558025073,0.12982671848474628,state
PA,uninsured,wk1_2,hispanic,0.09644535735131465,0.04396207872375476,0.08616567429855933,0.010279683052755326,0.18261103164987397,state
PA,uninsured,wk1_2,other,0.14228942988684842,0.11321828859138341,0.22190784563911148,-0.07961841575226306,0.36419727552595993,state
PA,uninsured,wk1_2,white,0.070444646158341,0.014489427631882029,0.028399278158488774,0.04204536799985223,0.09884392431682978,state
RI,uninsured,wk1_2,asian,0.021683059714575625,0.0254167372135443,0.04981680493854682,-0.028133745223971197,0.07149986465312244,state
RI,uninsured,wk1_2,black,0.019420565854878873,0.018734473728476912,0.03671956850781475,-0.017299002652935876,0.05614013436269362,state
RI,uninsured,wk1_2,hispanic,0.04130093794859768,0.020514891441606703,0.040209187225549135,0.001091750723048547,0.08151012517414682,state
RI,uninsured,wk1_2,other,0.12014604266288706,0.09911462002392012,0.1942646552468834,-0.07411861258399635,0.3144106979097705,state
RI,uninsured,wk1_2,white,0.023521926057918197,0.006164186160221011,0.012081804874033182,0.011440121183885014,0.03560373093195138,state
SC,uninsured,wk1_2,asian,0.02021580079365465,0.02173484276698135,0.04260029182328345,-0.022384491029628795,0.0628160926169381,state
SC,uninsured,wk1_2,black,0.10890663073258902,0.03140061797125737,0.06154521122366445,0.04736141950892457,0.17045184195625346,state
SC,uninsured,wk1_2,hispanic,0.2434963255052716,0.12788182017727223,0.25064836754745357,-0.0071520420421819775,0.4941446930527251,state
SC,uninsured,wk1_2,other,0.08723189438138744,0.07065583809238972,0.13848544266108384,-0.0512535482796964,0.22571733704247127,state
SC,uninsured,wk1_2,white,0.09677065069146479,0.01502367740390058,0.029446407711645136,0.06732424297981965,0.12621705840310993,state
SD,uninsured,wk1_2,asian,0,0,0,0,0,state
SD,uninsured,wk1_2,black,0.13235026694347746,0.13070115448385117,0.25617426278834826,-0.1238239958448708,0.3885245297318257,state
SD,uninsured,wk1_2,hispanic,0.0759534111376915,0.05707911646348882,0.11187506826843809,-0.03592165713074659,0.18782847940612957,state
SD,uninsured,wk1_2,other,0.2262851204846123,0.10210538640684567,0.20012655735741752,0.02615856312719478,0.4264116778420298,state
SD,uninsured,wk1_2,white,0.0901936035107058,0.02036330948022598,0.03991208658124292,0.05028151692946287,0.13010569009194872,state
TN,uninsured,wk1_2,asian,0.09207522993450622,0.09530927928088778,0.18680618739054006,-0.09473095745603384,0.2788814173250463,state
TN,uninsured,wk1_2,black,0.16557341491616792,0.04479022221572347,0.08778883554281801,0.07778457937334991,0.2533622504589859,state
TN,uninsured,wk1_2,hispanic,0.6176802036247284,0.1482427333557173,0.2905557573772059,0.3271244462475225,0.9082359610019344,state
TN,uninsured,wk1_2,other,0.08524468072830196,0.038308296449335894,0.07508426104069835,0.010160419687603617,0.1603289417690003,state
TN,uninsured,wk1_2,white,0.0962303395024577,0.014405840755292026,0.028235447880372373,0.06799489162208533,0.12446578738283007,state
TX,uninsured,wk1_2,asian,0.18131907328299912,0.05481030097287182,0.10742818990682876,0.07389088337617036,0.2887472631898279,state
TX,uninsured,wk1_2,black,0.22232000690473608,0.03633094813210326,0.07120865833892238,0.1511113485658137,0.29352866524365845,state
TX,uninsured,wk1_2,hispanic,0.25471800463107347,0.027512403403358872,0.05392431067058339,0.20079369396049007,0.30864231530165687,state
TX,uninsured,wk1_2,other,0.2517407331920055,0.0771133648661028,0.1511421951375615,0.10059853805444402,0.402882928329567,state
TX,uninsured,wk1_2,white,0.1486633259258587,0.01571666741592029,0.030804668135203772,0.11785865779065494,0.17946799406106248,state
UT,uninsured,wk1_2,asian,0.09712068388791514,0.0647393110483361,0.12688904965473877,-0.029768365766823623,0.2240097335426539,state
UT,uninsured,wk1_2,black,0.29377544181670756,0.11523715792477775,0.22586482953256437,0.06791061228414319,0.5196402713492719,state
UT,uninsured,wk1_2,hispanic,0.21121125556099346,0.0549694338860823,0.10774009041672131,0.10347116514427215,0.3189513459777148,state
UT,uninsured,wk1_2,other,0.1449537014534459,0.05755523118604011,0.11280825312463862,0.032145448328807294,0.25776195457808454,state
UT,uninsured,wk1_2,white,0.06636358222841407,0.013193601050572525,0.025859458059122147,0.04050412416929192,0.09222304028753622,state
VA,uninsured,wk1_2,asian,0.05394098193438737,0.020771523296044033,0.04071218566024631,0.013228796274141065,0.09465316759463369,state
VA,uninsured,wk1_2,black,0.0677358829568768,0.019818114534417234,0.038843504487457776,0.02889237846941902,0.10657938744433457,state
VA,uninsured,wk1_2,hispanic,0.07816312250461042,0.024642031063853126,0.04829838088515213,0.029864741619458297,0.12646150338976256,state
VA,uninsured,wk1_2,other,0.09179203959382126,0.052071629753322544,0.10206039431651219,-0.010268354722690928,0.19385243391033347,state
VA,uninsured,wk1_2,white,0.07083256108605326,0.016214762838178673,0.0317809351628302,0.03905162592322307,0.10261349624888347,state
VT,uninsured,wk1_2,asian,0.13951973105129803,0.12398364894657288,0.24300795193528282,-0.1034882208839848,0.38252768298658085,state
VT,uninsured,wk1_2,black,0.10861842578498998,0.13272872045202203,0.2601482920859632,-0.1515298663009732,0.36876671787095316,state
VT,uninsured,wk1_2,hispanic,0.10267054699521203,0.05731729031067326,0.11234188900891959,-0.009671342013707562,0.2150124360041316,state
VT,uninsured,wk1_2,other,0.10456517143061263,0.09922650784624984,0.19448395537864968,-0.08991878394803705,0.2990491268092623,state
VT,uninsured,wk1_2,white,0.05744705567091228,0.01260330989115106,0.024702487386656077,0.032744568284256204,0.08214954305756836,state
WA,uninsured,wk1_2,asian,0.05508364620952299,0.0259935315576969,0.050947321853085925,0.004136324356437064,0.10603096806260892,state
WA,uninsured,wk1_2,black,0.1613674260706012,0.11917856277168391,0.23358998303250048,-0.07222255696189928,0.3949574091031017,state
WA,uninsured,wk1_2,hispanic,0.12893519505440318,0.05437840001966541,0.1065816640385442,0.022353531015858977,0.2355168590929474,state
WA,uninsured,wk1_2,other,0.06996812843747004,0.04201682355853324,0.08235297417472515,-0.01238484573725511,0.15232110261219517,state
WA,uninsured,wk1_2,white,0.041504740971382084,0.006788158562973942,0.013304790783428925,0.02819995018795316,0.05480953175481101,state
WI,uninsured,wk1_2,asian,0.08524466716031547,0.0634627103287585,0.12438691224436665,-0.03914224508405119,0.20963157940468213,state
WI,uninsured,wk1_2,black,0.17356156450886,0.12309584532984598,0.24126785684649812,-0.06770629233763811,0.41482942135535816,state
WI,uninsured,wk1_2,hispanic,0.21156302685172185,0.10813504783821362,0.2119446937628987,-3.816669111768589e-4,0.42350772061462055,state
WI,uninsured,wk1_2,other,0.05336893549332221,0.046821814191228044,0.09177075581480697,-0.03840182032148476,0.14513969130812918,state
WI,uninsured,wk1_2,white,0.07363675375008638,0.016813112496513436,0.03295370049316634,0.040683053256920045,0.10659045424325272,state
WV,uninsured,wk1_2,asian,0.10335255268693308,0.08503238824258189,0.1666634809554605,-0.06331092826852741,0.27001603364239357,state
WV,uninsured,wk1_2,black,0.16834875249719414,0.1012496088826508,0.19844923340999557,-0.03010048091280143,0.3667979859071897,state
WV,uninsured,wk1_2,hispanic,0,0,0,0,0,state
WV,uninsured,wk1_2,other,0.052166757401867984,0.03720576285056467,0.07292329518710676,-0.020756537785238775,0.12509005258897474,state
WV,uninsured,wk1_2,white,0.09319203152947321,0.018298646874686363,0.03586534787438527,0.05732668365508794,0.12905737940385847,state
WY,uninsured,wk1_2,asian,0.40810523538095334,0.29102035998387343,0.5703999055683919,-0.1622946701874386,0.9785051409493453,state
WY,uninsured,wk1_2,black,0,0,0,0,0,state
WY,uninsured,wk1_2,hispanic,0.2672677514028278,0.06150818599560713,0.12055604455138998,0.14671170685143786,0.3878237959542178,state
WY,uninsured,wk1_2,other,0.16442133809949544,0.14128575657670583,0.2769200828903434,-0.11249874479084798,0.44134142098983886,state
WY,uninsured,wk1_2,white,0.10676335227340797,0.017040622937577733,0.03339962095765236,0.0733637313157556,0.14016297323106033,state
AK,uninsured,wk2_3,asian,0.03938573366724853,0.03212740325331627,0.062969710376499885,-0.02358397670925135,0.10235544404374841,state
AK,uninsured,wk2_3,black,0.19136647034013807,0.10412643475024198,0.20408781211047428,-0.012721341770336209,0.3954542824506123,state
AK,uninsured,wk2_3,hispanic,0.15653805578025504,0.05406580775080356,0.10596898319157497,0.05056907258868007,0.26250703897183003,state
AK,uninsured,wk2_3,other,0.16670336895450463,0.05514176727162559,0.10807786385238616,0.058625505102118475,0.2747812328068908,state
AK,uninsured,wk2_3,white,0.08911836516069238,0.017350811501816853,0.034007590543561034,0.05511077461713135,0.12312595570425341,state
AL,uninsured,wk2_3,asian,0.1074020209893432,0.1010913819330561,0.19813910858878994,-0.09073708759944674,0.3055411295781332,state
AL,uninsured,wk2_3,black,0.10378672698872005,0.030776458714291514,0.060321859080011364,0.04346486790870868,0.1641085860687314,state
AL,uninsured,wk2_3,hispanic,0.19711432742843815,0.14756603938881432,0.28922943720207606,-0.0921151097736379,0.4863437646305142,state
AL,uninsured,wk2_3,other,0.056531071453728494,0.037550322469114904,0.0735986320394652,-0.01706756058573671,0.1301297034931937,state
AL,uninsured,wk2_3,white,0.12163719135018694,0.018082772019079475,0.03544223315739577,0.08619495819279117,0.15707942450758272,state
AR,uninsured,wk2_3,asian,0.12565103274247066,0.12390074011672231,0.24284545062877572,-0.11719441788630505,0.3684964833712464,state
AR,uninsured,wk2_3,black,0.13417446214598186,0.043842092514278404,0.08593050132798567,0.04824396081799619,0.22010496347396752,state
AR,uninsured,wk2_3,hispanic,0.10873981967940315,0.05117492525679868,0.10030285350332542,0.008436966176077726,0.20904267318272857,state
AR,uninsured,wk2_3,other,0.036864093714603294,0.037793346789721724,0.07407495970785458,-0.03721086599325128,0.11093905342245787,state
AR,uninsured,wk2_3,white,0.08220549382392302,0.018180834853927817,0.035634436313698524,0.046571057510224494,0.11783993013762153,state
AZ,uninsured,wk2_3,asian,0.060391866368804,0.03918380240030809,0.07680025270460385,-0.01640838633579985,0.13719211907340784,state
AZ,uninsured,wk2_3,black,0.10864577273927026,0.05386115405406532,0.10556786194596803,0.0030779107933022326,0.2142136346852383,state
AZ,uninsured,wk2_3,hispanic,0.25669521297635817,0.04344401679171366,0.08515027291175878,0.1715449400645994,0.3418454858881169,state
AZ,uninsured,wk2_3,other,0.18326773315134343,0.06987746970025314,0.13695984061249616,0.04630789253884726,0.3202275737638396,state
AZ,uninsured,wk2_3,white,0.062366851413061974,0.00839416545986595,0.01645256430133726,0.04591428711172471,0.07881941571439924,state
CA,uninsured,wk2_3,asian,0.05165869302511685,0.017503433153361454,0.03430672898058845,0.0173519640445284,0.08596542200570531,state
CA,uninsured,wk2_3,black,0.27433666598026313,0.06923806565136559,0.13570660867667655,0.13863005730358657,0.4100432746569397,state
CA,uninsured,wk2_3,hispanic,0.1698853036928421,0.019834482876663485,0.03887558643826043,0.13100971725458166,0.20876089013110255,state
CA,uninsured,wk2_3,other,0.031443091057214115,0.011043068327323926,0.021644413921554896,0.009798677135659219,0.05308750497876901,state
CA,uninsured,wk2_3,white,0.04945612159988137,0.014108799222868357,0.02765324647682198,0.021802875123059392,0.07710936807670335,state
CO,uninsured,wk2_3,asian,0.0365994531123507,0.022694451565893534,0.04448112506915133,-0.007881671956800625,0.08108057818150202,state
CO,uninsured,wk2_3,black,0.27115722274937043,0.13891990423366163,0.2722830122979768,-0.0011257895486063707,0.5434402350473473,state
CO,uninsured,wk2_3,hispanic,0.11670613268005063,0.046641149916197874,0.09141665383574783,0.0252894788443028,0.20812278651579846,state
CO,uninsured,wk2_3,other,0.04452838260242982,0.022255434790479985,0.04362065218934077,9.077304130890515e-4,0.08814903479177058,state
CO,uninsured,wk2_3,white,0.08611691686163427,0.015544304806799832,0.03046683742132767,0.055650079440306595,0.11658375428296194,state
CT,uninsured,wk2_3,asian,0.052593935900973166,0.0446375537845263,0.08748960541767155,-0.03489566951669838,0.1400835413186447,state
CT,uninsured,wk2_3,black,0.012077110251110591,0.007394551669163976,0.014493321271561393,-0.0024162110204508022,0.026570431522671984,state
CT,uninsured,wk2_3,hispanic,0.2644207945754191,0.08997300966083513,0.17634709893523684,0.08807369564018228,0.44076789351065593,state
CT,uninsured,wk2_3,other,0.053336592395728535,0.048971698796730675,0.09598452964159213,-0.04264793724586359,0.14932112203732067,state
CT,uninsured,wk2_3,white,0.01727623462785766,0.004906209913597755,0.0096161714306516,0.0076600631972060605,0.02689240605850926,state
DC,uninsured,wk2_3,asian,0.0035977984995304263,0.003372051287165698,0.006609220522844768,-0.003011422023314342,0.010207019022375195,state
DC,uninsured,wk2_3,black,0.09974692815425698,0.040067134868988434,0.07853158434321733,0.02121534381103965,0.1782785124974743,state
DC,uninsured,wk2_3,hispanic,0.13838540052350914,0.07299274736527168,0.1430657848359325,-0.004680384312423347,0.28145118535944164,state
DC,uninsured,wk2_3,other,0.013488744400085967,0.012077864987130088,0.023672615374774972,-0.010183870974689006,0.03716135977486094,state
DC,uninsured,wk2_3,white,0.031327369993317575,0.015361519967473564,0.030108579136248183,0.001218790857069392,0.06143594912956576,state
DE,uninsured,wk2_3,asian,0.043770781944059284,0.0429350461963314,0.08415269054480955,-0.04038190860075026,0.12792347248886882,state
DE,uninsured,wk2_3,black,0.11633450757042456,0.04217275883057068,0.08265860730791853,0.033675900262506026,0.1989931148783431,state
DE,uninsured,wk2_3,hispanic,0.05193734380428997,0.03302305833575839,0.06472519433808643,-0.012787850533796462,0.1166625381423764,state
DE,uninsured,wk2_3,other,0.02867302533968173,0.025223519362098684,0.04943809794971342,-0.02076507261003169,0.07811112328939515,state
DE,uninsured,wk2_3,white,0.05898146506450751,0.013820739201414797,0.027088648834773,0.03189281622973451,0.08607011389928051,state
FL,uninsured,wk2_3,asian,0.11950836303253154,0.04872268337165045,0.09549645940843488,0.024011903624096664,0.21500482244096641,state
FL,uninsured,wk2_3,black,0.2061839685460616,0.054129634278588,0.10609408318603249,0.10008988536002912,0.3122780517320941,state
FL,uninsured,wk2_3,hispanic,0.14384156750897634,0.02352262723254038,0.04610434937577915,0.09773721813319719,0.18994591688475548,state
FL,uninsured,wk2_3,other,0.1402706577220848,0.06604330123869925,0.12944487042785052,0.01082578729423428,0.2697155281499353,state
FL,uninsured,wk2_3,white,0.08503802762775074,0.008419706841065043,0.016502625408487483,0.06853540221926326,0.10154065303623823,state
GA,uninsured,wk2_3,asian,0.4015097986111768,0.08090090036385346,0.15856576471315278,0.24294403389802402,0.5600755633243296,state
GA,uninsured,wk2_3,black,0.1630210899017043,0.04104527511532881,0.08044873922604447,0.08257235067565984,0.24346982912774878,state
GA,uninsured,wk2_3,hispanic,0.18509633658960178,0.04847751673206236,0.09501593279484223,0.09008040379475955,0.280112269384444,state
GA,uninsured,wk2_3,other,0.09917341444876669,0.040167207801902596,0.07872772729172908,0.02044568715703761,0.17790114174049576,state
GA,uninsured,wk2_3,white,0.0998991836153017,0.0166763884523313,0.03268572136656935,0.06721346224873234,0.13258490498187106,state
HI,uninsured,wk2_3,asian,0.05634513383743732,0.0142758224267438,0.02798061195641785,0.02836452188101947,0.08432574579385517,state
HI,uninsured,wk2_3,black,0.0036114987097038793,0.0056199786208553475,0.011015158096876481,-0.007403659387172602,0.01462665680658036,state
HI,uninsured,wk2_3,hispanic,0.1293560565879914,0.050147323571228385,0.09828875419960763,0.031067302388383775,0.22764481078759902,state
HI,uninsured,wk2_3,other,0.12733975953998028,0.06816990198002838,0.13361300788085562,-0.006273248340875337,0.2609527674208359,state
HI,uninsured,wk2_3,white,0.030950436613814927,0.012763471157115788,0.025016403467946945,0.005934033145867983,0.05596684008176187,state
IA,uninsured,wk2_3,asian,0.04444735525563892,0.03668539266625243,0.07190336962585477,-0.027456014370215845,0.11635072488149369,state
IA,uninsured,wk2_3,black,0.16426970702138632,0.1129365789229702,0.22135569468902158,-0.05708598766763526,0.38562540171040793,state
IA,uninsured,wk2_3,hispanic,0.19644566093163096,0.17113258255106864,0.33541986180009453,-0.13897420086846357,0.5318655227317255,state
IA,uninsured,wk2_3,other,0.04626958504495391,0.036228023881671574,0.07100692680807628,-0.024737341763122374,0.1172765118530302,state
IA,uninsured,wk2_3,white,0.034339505616187496,0.007969408353834867,0.015620040373516338,0.01871946524267116,0.049959545989703834,state
ID,uninsured,wk2_3,asian,0.014896512113436459,0.01709346751094573,0.033503196321453634,-0.018606684208017175,0.048399708434890096,state
ID,uninsured,wk2_3,black,0,0,0,0,0,state
ID,uninsured,wk2_3,hispanic,0.08898533457974908,0.04287637753382863,0.08403769996630411,0.004947634613444968,0.1730230345460532,state
ID,uninsured,wk2_3,other,0.10442664176708741,0.06260894106091543,0.12271352447939424,-0.01828688271230683,0.22714016624648165,state
ID,uninsured,wk2_3,white,0.09849635440684257,0.014795125488075244,0.02899844595662748,0.06949790845021508,0.12749480036347005,state
IL,uninsured,wk2_3,asian,0.07786722438501863,0.042312680409493035,0.08293285360260634,-0.005065629217587714,0.16080007798762497,state
IL,uninsured,wk2_3,black,0.10761513314733398,0.03405457384046328,0.06674696472730803,0.040868168420025955,0.17436209787464202,state
IL,uninsured,wk2_3,hispanic,0.1873144694158927,0.06659529087220531,0.1305267701095224,0.05678769930637029,0.3178412395254151,state
IL,uninsured,wk2_3,other,0.24260099029943064,0.16883378386137304,0.33091421636829116,-0.08831322606886052,0.5735152066677218,state
IL,uninsured,wk2_3,white,0.05993859152457881,0.012543685825051519,0.024585624217100976,0.035352967307477834,0.08452421574167979,state
IN,uninsured,wk2_3,asian,0.002832511162352754,0.0029290176456765946,0.005740874585526125,-0.002908363423173371,0.00857338574787888,state
IN,uninsured,wk2_3,black,0.09493525182102026,0.03413598612799266,0.06690653281086562,0.02802871901015465,0.16184178463188587,state
IN,uninsured,wk2_3,hispanic,0.16285301873352606,0.06686499097113219,0.1310553823034191,0.03179763643010697,0.29390840103694515,state
IN,uninsured,wk2_3,other,0.02284949132100818,0.017954840359260586,0.03519148710415075,-0.01234199578314257,0.05804097842515893,state
IN,uninsured,wk2_3,white,0.08067719389219218,0.014752064459920885,0.028914046341444934,0.05176314755074724,0.10959124023363712,state
KS,uninsured,wk2_3,asian,0.28171815686679064,0.16709480123902481,0.32750581042848864,-0.045787653561698005,0.6092239672952793,state
KS,uninsured,wk2_3,black,0.18142137596767877,0.07746105204694935,0.15182366201202072,0.02959771395565805,0.3332450379796995,state
KS,uninsured,wk2_3,hispanic,0.4652103507829148,0.08808642931678194,0.1726494014608926,0.29256094932202215,0.6378597522438074,state
KS,uninsured,wk2_3,other,0.04334241070133094,0.02945236227468571,0.05772663005838399,-0.01438421935705305,0.10106904075971493,state
KS,uninsured,wk2_3,white,0.09836402488841944,0.021252188958985823,0.04165429035961221,0.05670973452880723,0.14001831524803166,state
KY,uninsured,wk2_3,asian,0.0024900762807923377,0.003788793638365231,0.007426035531195852,-0.004935959250403514,0.00991611181198819,state
KY,uninsured,wk2_3,black,0.015356693429211692,0.01096460683638739,0.021490629399319283,-0.0061339359701075916,0.036847322828530975,state
KY,uninsured,wk2_3,hispanic,0.10542542560704027,0.06524320344418061,0.127876678750594,-0.02245125314355373,0.23330210435763427,state
KY,uninsured,wk2_3,other,0.024097645226611005,0.01726848426582146,0.03384622916101006,-0.009748583934399053,0.05794387438762107,state
KY,uninsured,wk2_3,white,0.04376144582304691,0.008510707256259874,0.01668098622226935,0.02708045960077756,0.06044243204531626,state
LA,uninsured,wk2_3,asian,0.0033554505470514934,0.0036086109783715083,0.007072877517608156,-0.0037174269705566626,0.01042832806465965,state
LA,uninsured,wk2_3,black,0.11855724635690074,0.03773922702375239,0.07396888496655468,0.044588361390346054,0.19252613132345542,state
LA,uninsured,wk2_3,hispanic,0.07453237595139357,0.05849730836208806,0.1146547243896926,-0.040122348438299024,0.18918710034108616,state
LA,uninsured,wk2_3,other,0.005851516023381309,0.010487647339072263,0.020555788784581634,-0.014704272761200326,0.026407304807962943,state
LA,uninsured,wk2_3,white,0.07524065403037884,0.019091161093102067,0.03741867574248005,0.037821978287898794,0.11265932977285889,state
MA,uninsured,wk2_3,asian,0.09036473395822749,0.048419403266453685,0.09490203040224922,-0.004537296444021732,0.1852667643604767,state
MA,uninsured,wk2_3,black,0.07514743084242866,0.03501603532759803,0.06863142924209215,0.00651600160033651,0.1437788600845208,state
MA,uninsured,wk2_3,hispanic,0.05825744778883968,0.02008522018488234,0.039367031562369384,0.018890416226470294,0.09762447935120906,state
MA,uninsured,wk2_3,other,0.0032814236942416497,0.0031669892747708743,0.006207298978550914,-0.002925875284309264,0.009488722672792563,state
MA,uninsured,wk2_3,white,0.061878392998216805,0.019196300239857987,0.037624748470121656,0.02425364452809515,0.09950314146833847,state
MD,uninsured,wk2_3,asian,0.02053192948146701,0.023585344789230463,0.04622727578689171,-0.0256953463054247,0.06675920526835871,state
MD,uninsured,wk2_3,black,0.16593705313761745,0.05396288063555625,0.10576724604569025,0.060169807091927194,0.2717042991833077,state
MD,uninsured,wk2_3,hispanic,0.16810689578629678,0.05920007405679731,0.11603214515132272,0.05207475063497406,0.2841390409376195,state
MD,uninsured,wk2_3,other,0.08571660577381916,0.038695314111694704,0.07584281565892162,0.009873790114897543,0.16155942143274077,state
MD,uninsured,wk2_3,white,0.03511415557169407,0.008427556835116885,0.016518011396829093,0.018596144174864975,0.05163216696852316,state
ME,uninsured,wk2_3,asian,0,0,0,0,0,state
ME,uninsured,wk2_3,black,0.22746003320228453,0.17988009087464912,0.35256497811431226,-0.12510494491202773,0.5800250113165968,state
ME,uninsured,wk2_3,hispanic,0.06997971693032597,0.06042127927849313,0.11842570738584654,-0.048445990455520574,0.18840542431617252,state
ME,uninsured,wk2_3,other,0.06353774310853555,0.04784780811301419,0.0937817039015078,-0.030243960792972258,0.15731944701004336,state
ME,uninsured,wk2_3,white,0.07548309377948746,0.01687811334882269,0.03308110216369247,0.04240199161579499,0.10856419594317993,state
MI,uninsured,wk2_3,asian,0.12328443554941701,0.08788758067878612,0.1722596581304208,-0.048975222581003786,0.2955440936798378,state
MI,uninsured,wk2_3,black,0.03326908085538562,0.01346022050846768,0.026382032196596652,0.006887048658788971,0.05965111305198227,state
MI,uninsured,wk2_3,hispanic,0.2180227299862962,0.10864381108883771,0.2129418697341219,0.005080860252174302,0.4309645997204181,state
MI,uninsured,wk2_3,other,0.13347341028384072,0.0732918585523077,0.14365204276252308,-0.010178632478682365,0.2771254530463638,state
MI,uninsured,wk2_3,white,0.05293513665577286,0.0091597634045419,0.017953136272902123,0.034982000382870734,0.07088827292867499,state
MN,uninsured,wk2_3,asian,0.030920682525864617,0.020588486623811568,0.04035343378267067,-0.009432751256806055,0.07127411630853529,state
MN,uninsured,wk2_3,black,0.15358971638081875,0.07945326225875668,0.1557283940271631,-0.0021386776463443447,0.30931811040798185,state
MN,uninsured,wk2_3,hispanic,0.026006437185593922,0.017271902352071416,0.03385292861005997,-0.00784649142446605,0.059859365795653895,state
MN,uninsured,wk2_3,other,0.17176327670920774,0.09740621346601179,0.1909161783933831,-0.019152901684175355,0.3626794551025908,state
MN,uninsured,wk2_3,white,0.04114554323693154,0.008560153947917482,0.016777901737918263,0.024367641499013274,0.0579234449748498,state
MO,uninsured,wk2_3,asian,0.13328971451002436,0.09407093902558622,0.184379040490149,-0.05108932598012464,0.31766875500017333,state
MO,uninsured,wk2_3,black,0.16809864659840604,0.06662951072539845,0.13059384102178095,0.03750480557662508,0.29869248762018696,state
MO,uninsured,wk2_3,hispanic,0.213267674831846,0.14663652941512928,0.28740759765365337,-0.07413992282180737,0.5006752724854994,state
MO,uninsured,wk2_3,other,0.2556243571643933,0.08255889772283632,0.1618154395367592,0.0938089176276341,0.4174397967011525,state
MO,uninsured,wk2_3,white,0.14813275802400772,0.020503039726704416,0.040185957864340656,0.10794680015966707,0.18831871588834836,state
MS,uninsured,wk2_3,asian,0.39489320591698224,0.20985204957969744,0.41131001717620697,-0.01641681125922473,0.8062032230931893,state
MS,uninsured,wk2_3,black,0.20194204667241775,0.0624990504608876,0.12249813890333969,0.07944390776907806,0.32444018557575743,state
MS,uninsured,wk2_3,hispanic,0.14343636738554533,0.055697681110339646,0.1091674549762657,0.03426891240927962,0.252603822361811,state
MS,uninsured,wk2_3,other,0.21886304847494922,0.13907111133629924,0.2725793782191465,-0.053716329744197294,0.49144242669409577,state
MS,uninsured,wk2_3,white,0.15202752522342589,0.034311779921703575,0.067251088646539,0.08477643657688688,0.2192786138699649,state
MT,uninsured,wk2_3,asian,0,0,0,0,0,state
MT,uninsured,wk2_3,black,0,0,0,0,0,state
MT,uninsured,wk2_3,hispanic,0.045620528841998534,0.03892281591826234,0.07628871919979419,-0.030668190357795652,0.12190924804179272,state
MT,uninsured,wk2_3,other,0.11450212127888992,0.04059539806758911,0.07956698021247466,0.034935141066415265,0.19406910149136458,state
MT,uninsured,wk2_3,white,0.06534713038964564,0.016285824023954835,0.031920215086951476,0.03342691530269416,0.09726734547659711,state
NC,uninsured,wk2_3,asian,0.1120282529506339,0.07837988445378026,0.1536245735294093,-0.04159632057877541,0.2656528264800432,state
NC,uninsured,wk2_3,black,0.12465492469765223,0.03144222035313155,0.06162675189213784,0.06302817280551438,0.18628167658979006,state
NC,uninsured,wk2_3,hispanic,0.2581028315016994,0.09524228301360595,0.18667487470666766,0.07142795679503172,0.44477770620836704,state
NC,uninsured,wk2_3,other,0.041834659968052766,0.02586566543356368,0.05069670424978481,-0.008862044281732047,0.09253136421783759,state
NC,uninsured,wk2_3,white,0.10957645555497858,0.0198870307601895,0.03897858028997142,0.07059787526500716,0.14855503584495,state
ND,uninsured,wk2_3,asian,0.42898060552628037,0.1796118203228101,0.3520391678327078,0.07694143769357259,0.7810197733589881,state
ND,uninsured,wk2_3,black,0.4402953951432153,0.2643204611168048,0.5180681037889374,-0.07777270864572211,0.9583634989321528,state
ND,uninsured,wk2_3,hispanic,0.01928128080048365,0.019900324294726077,0.03900463561766311,-0.01972335481717946,0.05828591641814676,state
ND,uninsured,wk2_3,other,0.38930398873455285,0.1559837394546801,0.305728129331173,0.08357585940337986,0.6950321180657258,state
ND,uninsured,wk2_3,white,0.07882573886874826,0.01600081093124996,0.03136158942524992,0.04746414944349834,0.11018732829399819,state
NE,uninsured,wk2_3,asian,0.24453434799012388,0.12634763897379395,0.24764137238863612,-0.003107024398512237,0.49217572037876,state
NE,uninsured,wk2_3,black,0.3634455290221041,0.1422234041562436,0.27875787214623743,0.08468765687586666,0.6422034011683415,state
NE,uninsured,wk2_3,hispanic,0.1964351657094981,0.07809352598563818,0.15306331093185083,0.04337185477764727,0.3494984766413489,state
NE,uninsured,wk2_3,other,0.18510127436325025,0.14125123819606414,0.2768524268642857,-0.09175115250103544,0.46195370122753593,state
NE,uninsured,wk2_3,white,0.04494738824631178,0.008951477108130141,0.017544895131935075,0.027402493114376706,0.06249228337824686,state
NH,uninsured,wk2_3,asian,0,0,0,0,0,state
NH,uninsured,wk2_3,black,0.027107058276265913,0.03263609357778805,0.06396674341246458,-0.03685968513619867,0.0910738016887305,state
NH,uninsured,wk2_3,hispanic,0.37057446254923393,0.15514974176186247,0.30409349385325046,0.06648096869598347,0.6746679564024844,state
NH,uninsured,wk2_3,other,0.08454298358780989,0.08051594211977439,0.1578112465547578,-0.07326826296694793,0.24235423014256768,state
NH,uninsured,wk2_3,white,0.08659141174340526,0.014904978511747775,0.02921375788302564,0.05737765386037962,0.11580516962643089,state
NJ,uninsured,wk2_3,asian,0.12012113129180982,0.06396992895264861,0.12538106074719127,-0.005259929455381451,0.2455021920390011,state
NJ,uninsured,wk2_3,black,0.08203160369268883,0.024594921871220737,0.048206046867592646,0.033825556825096185,0.13023765056028147,state
NJ,uninsured,wk2_3,hispanic,0.25952421612953286,0.06462577158740869,0.12666651231132103,0.13285770381821183,0.3861907284408539,state
NJ,uninsured,wk2_3,other,0.19134486022693756,0.09918863854077571,0.1944097315399204,-0.003064871312982831,0.38575459176685795,state
NJ,uninsured,wk2_3,white,0.05031560318725758,0.01014969301589222,0.01989339831114875,0.03042220487610883,0.07020900149840632,state
NM,uninsured,wk2_3,asian,0.0017405786842038405,0.0013447362153694521,0.0026356829821241263,-8.951042979202857e-4,0.004376261666327967,state
NM,uninsured,wk2_3,black,0,0,0,0,0,state
NM,uninsured,wk2_3,hispanic,0.07700689690346253,0.017503203610732418,0.03430627907703554,0.04270061782642699,0.11131317598049807,state
NM,uninsured,wk2_3,other,0.10956511863750572,0.039619059897675515,0.07765335739944401,0.031911761238061706,0.18721847603694974,state
NM,uninsured,wk2_3,white,0.052615831752980104,0.014383894106304524,0.028192432448356865,0.024423399304623238,0.08080826420133697,state
NV,uninsured,wk2_3,asian,0.10413802490116757,0.04724510668751792,0.09260040910753511,0.011537615793632452,0.19673843400870267,state
NV,uninsured,wk2_3,black,0.08041574440533028,0.04901297898538659,0.09606543881135772,-0.01564969440602744,0.176481183216688,state
NV,uninsured,wk2_3,hispanic,0.22862823453575232,0.04279314693603358,0.08387456799462582,0.14475366654112648,0.31250280253037815,state
NV,uninsured,wk2_3,other,0.05800110528482944,0.03259475510493311,0.06388572000566889,-0.005884614720839447,0.12188682529049832,state
NV,uninsured,wk2_3,white,0.044011357883018416,0.012512666126917467,0.024524825608758235,0.01948653227426018,0.06853618349177665,state
NY,uninsured,wk2_3,asian,0.028640755092835226,0.014363498384843887,0.02815245683429402,4.882982585412074e-4,0.056793211927129245,state
NY,uninsured,wk2_3,black,0.12194397333250545,0.036895599285331065,0.07231537459924889,0.04962859873325656,0.19425934793175434,state
NY,uninsured,wk2_3,hispanic,0.165257448763688,0.05112896470047149,0.10021277081292412,0.06504467795076388,0.2654702195766121,state
NY,uninsured,wk2_3,other,0.04798594903837157,0.024553399157980556,0.04812466234964189,-1.3871331127032066e-4,0.09611061138801347,state
NY,uninsured,wk2_3,white,0.029755543853416996,0.007175596709233757,0.014064169550098163,0.015691374303318833,0.04381971340351516,state
OH,uninsured,wk2_3,asian,0.1411784844201267,0.07884180712511706,0.15452994196522943,-0.013351457545102724,0.2957084263853561,state
OH,uninsured,wk2_3,black,0.06585993979036897,0.028626347327197207,0.056107640761306525,0.009752299029062446,0.1219675805516755,state
OH,uninsured,wk2_3,hispanic,0.06939988307519815,0.02924678917081208,0.05732370677479167,0.012076176300406478,0.12672358984998983,state
OH,uninsured,wk2_3,other,0.11419414171891484,0.07034384695460684,0.1378739400310294,-0.02367979831211456,0.2520680817499442,state
OH,uninsured,wk2_3,white,0.0861860842386808,0.02212945574483427,0.04337373325987517,0.042812350978805626,0.12955981749855597,state
OK,uninsured,wk2_3,asian,0.12253638251725774,0.12286561764665842,0.2408166105874505,-0.11828022807019276,0.36335299310470826,state
OK,uninsured,wk2_3,black,0.16809792135052654,0.05640206851471743,0.11054805428884616,0.057549867061680374,0.2786459756393727,state
OK,uninsured,wk2_3,hispanic,0.4122681450635244,0.12938427718170867,0.253593183276149,0.1586749617873754,0.6658613283396734,state
OK,uninsured,wk2_3,other,0.19826955426273044,0.05093394964892508,0.09983054131189316,0.09843901295083728,0.2981000955746236,state
OK,uninsured,wk2_3,white,0.15220112257949417,0.025597354795752578,0.05017081539967505,0.10203030717981912,0.20237193797916922,state
OR,uninsured,wk2_3,asian,0.02805470204313556,0.02269361349921048,0.04447948245845254,-0.016424780415316982,0.0725341845015881,state
OR,uninsured,wk2_3,black,0.043291188791311434,0.04433748183960515,0.08690146440562609,-0.04361027561431465,0.1301926531969375,state
OR,uninsured,wk2_3,hispanic,0.24118790213468838,0.07358608938196698,0.14422873518865528,0.0969591669460331,0.38541663732334364,state
OR,uninsured,wk2_3,other,0.07264261273966802,0.0451928988132417,0.08857808167395373,-0.015935468934285713,0.16122069441362175,state
OR,uninsured,wk2_3,white,0.04893155780467338,0.00967124152255036,0.018955633384198704,0.029975924420474673,0.06788719118887208,state
PA,uninsured,wk2_3,asian,0.0061228551576221635,0.006571009279593356,0.012879178188002978,-0.006756323030380814,0.01900203334562514,state
PA,uninsured,wk2_3,black,0.16288772832700651,0.041297409235019684,0.08094292210063858,0.08194480622636793,0.2438306504276451,state
PA,uninsured,wk2_3,hispanic,0.13991415033272658,0.0508585669207122,0.09968279116459591,0.04023135916813067,0.2395969414973225,state
PA,uninsured,wk2_3,other,0.14484339364622673,0.1212415854762437,0.23763350753343765,-0.09279011388721092,0.3824769011796644,state
PA,uninsured,wk2_3,white,0.09036778480881577,0.016573780182148147,0.03248460915701037,0.0578831756518054,0.12285239396582615,state
RI,uninsured,wk2_3,asian,0,0,0,0,0,state
RI,uninsured,wk2_3,black,0.04680258737555574,0.03526345834464706,0.06911637835550824,-0.0223137909799525,0.11591896573106397,state
RI,uninsured,wk2_3,hispanic,0.02970997361042871,0.016659946488246178,0.03265349511696251,-0.002943521506533795,0.06236346872739122,state
RI,uninsured,wk2_3,other,0.02712020779905639,0.031140336482914834,0.06103505950651308,-0.033914851707456686,0.08815526730556947,state
RI,uninsured,wk2_3,white,0.01686158509296253,0.00418316165021382,0.008198996834419086,0.008662588258543442,0.025060581927381614,state
SC,uninsured,wk2_3,asian,0.08670693995046393,0.08451949737098703,0.16565821484713458,-0.07895127489667066,0.2523651547975985,state
SC,uninsured,wk2_3,black,0.0801162159145705,0.02300708855984138,0.0450938935772891,0.03502232233728139,0.1252101094918596,state
SC,uninsured,wk2_3,hispanic,0.12847221246644422,0.06225206812862118,0.1220140535320975,0.006458158934346717,0.25048626599854174,state
SC,uninsured,wk2_3,other,0.048813348203305316,0.02234020946527141,0.04378681055193197,0.005026537651373349,0.09260015875523728,state
SC,uninsured,wk2_3,white,0.10397192632046522,0.01587120346569244,0.031107558792757183,0.07286436752770803,0.1350794851132224,state
SD,uninsured,wk2_3,asian,0,0,0,0,0,state
SD,uninsured,wk2_3,black,0.020046379531275076,0.03165026725461882,0.06203452381905289,-0.041988144287777814,0.08208090335032797,state
SD,uninsured,wk2_3,hispanic,0.272110403927463,0.13108017999322213,0.2569171527867154,0.015193251140747599,0.5290275567141784,state
SD,uninsured,wk2_3,other,0.09151551330762872,0.0629284123467805,0.12333968819968977,-0.03182417489206105,0.2148552015073185,state
SD,uninsured,wk2_3,white,0.0746686714124993,0.01756165650597605,0.03442084675171306,0.04024782466078625,0.10908951816421236,state
TN,uninsured,wk2_3,asian,0.11473522660880224,0.09661450684247312,0.1893644334112473,-0.07462920680244507,0.30409966002004957,state
TN,uninsured,wk2_3,black,0.08805663629882274,0.033117343849275574,0.06490999394458012,0.023146642354242616,0.15296663024340285,state
TN,uninsured,wk2_3,hispanic,0.6581703985699688,0.13628438861833095,0.26711740169192866,0.3910529968780402,0.9252878002618975,state
TN,uninsured,wk2_3,other,0.046712057949588215,0.03455064721876367,0.06771926854877679,-0.021007210599188572,0.114431326498365,state
TN,uninsured,wk2_3,white,0.08744217775780808,0.01574385116974828,0.03085794829270663,0.05658422946510144,0.11830012605051471,state
TX,uninsured,wk2_3,asian,0.16218838506451924,0.05642827498588107,0.1105994189723269,0.05158896609219234,0.27278780403684616,state
TX,uninsured,wk2_3,black,0.2022383942459214,0.04087100672206591,0.08010717317524918,0.12213122107067223,0.28234556742117056,state
TX,uninsured,wk2_3,hispanic,0.24447726350098123,0.028053001325596846,0.05498388259816982,0.18949338090281143,0.29946114609915103,state
TX,uninsured,wk2_3,other,0.22410438013468142,0.05797330465478897,0.11362767712338638,0.11047670301129504,0.3377320572580678,state
TX,uninsured,wk2_3,white,0.15083868787040122,0.01946295913855769,0.03814739991157307,0.11269128795882816,0.1889860877819743,state
UT,uninsured,wk2_3,asian,0.06709106991242093,0.04257792638414963,0.08345273571293327,-0.016361665800512334,0.1505438056253542,state
UT,uninsured,wk2_3,black,9.738159021471037e-4,0.0014903929168283913,0.002921170116983647,-0.0019473542148365432,0.003894986019130751,state
UT,uninsured,wk2_3,hispanic,0.2629102991298755,0.05766146109852138,0.11301646375310191,0.1498938353767736,0.37592676288297744,state
UT,uninsured,wk2_3,other,0.2176387005935784,0.09362490308426429,0.183504810045158,0.03413389054842039,0.40114351063873643,state
UT,uninsured,wk2_3,white,0.07591796275827668,0.015657055711982986,0.03068782919548665,0.04523013356279003,0.10660579195376334,state
VA,uninsured,wk2_3,asian,0.10489159454994261,0.05016368128735942,0.09832081532322447,0.006570779226718143,0.20321240987316708,state
VA,uninsured,wk2_3,black,0.04576476972577997,0.01711022673387001,0.033536044398385215,0.012228725327394753,0.07930081412416518,state
VA,uninsured,wk2_3,hispanic,0.06215807058692959,0.020686662286021885,0.040545858080602896,0.021612212506326695,0.10270392866753249,state
VA,uninsured,wk2_3,other,0.060862139283662485,0.05034755515862107,0.0986812081108973,-0.03781906882723481,0.15954334739455978,state
VA,uninsured,wk2_3,white,0.08074344984663835,0.020367337912321794,0.03991998230815071,0.04082346753848764,0.12066343215478906,state
VT,uninsured,wk2_3,asian,0.0578989043591033,0.05845324662762436,0.11456836339014374,-0.056669459031040446,0.17246726774924703,state
VT,uninsured,wk2_3,black,0,0,0,0,0,state
VT,uninsured,wk2_3,hispanic,0.07369540684818357,0.06684329804045773,0.13101286415929714,-0.05731745731111357,0.2047082710074807,state
VT,uninsured,wk2_3,other,0.035855272695935546,0.04351250451787158,0.0852845088550283,-0.04942923615909275,0.12113978155096383,state
VT,uninsured,wk2_3,white,0.038012413955330546,0.008365617760384934,0.01639661081035447,0.021615803144976076,0.054409024765685016,state
WA,uninsured,wk2_3,asian,0.04690341999816233,0.024370777560003165,0.047766724017606205,-8.633040194438724e-4,0.09467014401576854,state
WA,uninsured,wk2_3,black,0.15774302434771417,0.0871025241338438,0.17072094730233384,-0.012977922954619664,0.32846397165004804,state
WA,uninsured,wk2_3,hispanic,0.10924540981803499,0.03886320063270953,0.07617187324011068,0.033073536577924306,0.18541728305814567,state
WA,uninsured,wk2_3,other,0.04335093266122207,0.017162562784873252,0.03363862305835157,0.009712309602870499,0.07698955571957364,state
WA,uninsured,wk2_3,white,0.04486368374265467,0.007124996639269598,0.013964993412968411,0.030898690329686257,0.05882867715562308,state
WI,uninsured,wk2_3,asian,0.04199974791406065,0.047652597337571136,0.09339909078163942,-0.05139934286757877,0.13539883869570007,state
WI,uninsured,wk2_3,black,0.28519858490781724,0.11483960530370915,0.22508562639526994,0.060112958512547304,0.5102842113030872,state
WI,uninsured,wk2_3,hispanic,0.1090877372885208,0.05323685859955589,0.10434424285512954,0.004743494433391254,0.21343198014365033,state
WI,uninsured,wk2_3,other,0.14364726896983138,0.09329080313099467,0.18284997413674953,-0.03920270516691815,0.3264972431065809,state
WI,uninsured,wk2_3,white,0.08153577355763124,0.017691235322445088,0.03467482123199237,0.04686095232563887,0.11621059478962362,state
WV,uninsured,wk2_3,asian,0.045426287467903045,0.040140548623788234,0.07867547530262493,-0.03324918783472189,0.12410176277052798,state
WV,uninsured,wk2_3,black,0.4675850676347,0.20719958618664827,0.4061111889258306,0.06147387870886939,0.8736962565605306,state
WV,uninsured,wk2_3,hispanic,0.2184573070059115,0.10711703316278924,0.2099493849990669,0.00850792200684461,0.4284066920049784,state
WV,uninsured,wk2_3,other,0.0204680731494595,0.018325320763061925,0.035917628695601375,-0.015449555546141875,0.05638570184506088,state
WV,uninsured,wk2_3,white,0.08962856542701134,0.021972160114039612,0.043065433823517636,0.0465631316034937,0.13269399925052897,state
WY,uninsured,wk2_3,asian,0,0,0,0,0,state
WY,uninsured,wk2_3,black,0.009483571776850105,0.014825337436084668,0.029057661374725947,-0.019574089597875842,0.03854123315157605,state
WY,uninsured,wk2_3,hispanic,0.2904193381170851,0.07181296946003961,0.14075342014167763,0.14966591797540746,0.4311727582587627,state
WY,uninsured,wk2_3,other,0.25675715183882986,0.18975579718560223,0.3719213624837804,-0.11516421064495053,0.6286785143226102,state
WY,uninsured,wk2_3,white,0.084913126348489,0.01857808721228867,0.036413050936085795,0.0485000754124032,0.12132617728457479,state
AK,uninsured,wk3_4,asian,0.05414144546944365,0.04261590193181705,0.08352716778636142,-0.029385722316917773,0.13766861325580507,state
AK,uninsured,wk3_4,black,0.131173580346865,0.06952986132768915,0.13627852820227074,-0.005104947855405745,0.2674521085491357,state
AK,uninsured,wk3_4,hispanic,0.20994861761158468,0.06670027047310921,0.13073253012729405,0.07921608748429063,0.3406811477388787,state
AK,uninsured,wk3_4,other,0.15276710208165478,0.03786941060408613,0.0742240447840088,0.07854305729764598,0.22699114686566357,state
AK,uninsured,wk3_4,white,0.08533254342765191,0.014489618425325545,0.02839965211363807,0.05693289131401384,0.11373219554128998,state
AL,uninsured,wk3_4,asian,0.18705119639130408,0.11910463597671105,0.23344508651435364,-0.046393890123049564,0.4204962829056577,state
AL,uninsured,wk3_4,black,0.15372725792385444,0.035738529526451776,0.07004751787184547,0.08367974005200897,0.22377477579569993,state
AL,uninsured,wk3_4,hispanic,0.16789962861660027,0.05602229025600781,0.1098036889017753,0.05809593971482496,0.27770331751837557,state
AL,uninsured,wk3_4,other,0.16476641104185857,0.0894305536999485,0.17528388525189906,-0.010517474210040484,0.3400502962937576,state
AL,uninsured,wk3_4,white,0.11117998889639262,0.014075642879335378,0.02758826004349734,0.08359172885289529,0.13876824893988995,state
AR,uninsured,wk3_4,asian,0.0010595984947078892,0.001808035885586657,0.0035437503357498477,-0.0024841518410419587,0.004603348830457737,state
AR,uninsured,wk3_4,black,0.12338819226454953,0.03665562921489762,0.07184503326119934,0.051543159003350186,0.19523322552574887,state
AR,uninsured,wk3_4,hispanic,0.2608623265134784,0.06149662189734231,0.12053337891879093,0.14032894759468748,0.3813957054322693,state
AR,uninsured,wk3_4,other,0.03461639379896384,0.018991513550213113,0.0372233665584177,-0.00260697275945386,0.07183976035738154,state
AR,uninsured,wk3_4,white,0.07257143600428903,0.012927189907058855,0.025337292217835355,0.04723414378645367,0.09790872822212439,state
AZ,uninsured,wk3_4,asian,0.0886696703985773,0.04703477034240845,0.09218814987112056,-0.0035184794725432594,0.18085782026969788,state
AZ,uninsured,wk3_4,black,0.1580662385518583,0.06655286544496232,0.13044361627212614,0.027622622279732167,0.28850985482398445,state
AZ,uninsured,wk3_4,hispanic,0.3056427961338995,0.038580241958978426,0.07561727423959771,0.23002552189430178,0.3812600703734972,state
AZ,uninsured,wk3_4,other,0.15524377058621183,0.04566987651316449,0.0895129579658024,0.06573081262040943,0.24475672855201425,state
AZ,uninsured,wk3_4,white,0.0799710409186278,0.009885861660929064,0.019376288855420965,0.060594752063206844,0.09934732977404877,state
CA,uninsured,wk3_4,asian,0.05365000897234117,0.01135031884553666,0.022246624937251852,0.03140338403508932,0.07589663390959303,state
CA,uninsured,wk3_4,black,0.19474313538183158,0.02913609252611136,0.05710674135117827,0.1376363940306533,0.25184987673300985,state
CA,uninsured,wk3_4,hispanic,0.18371998116986304,0.019395289336232427,0.03801476709901556,0.1457052140708475,0.2217347482688786,state
CA,uninsured,wk3_4,other,0.07789644112262628,0.03020406586438361,0.059199969094191875,0.018696472028434406,0.13709641021681815,state
CA,uninsured,wk3_4,white,0.042833863376971745,0.008304327993390783,0.016276482867045933,0.026557380509925812,0.059110346244017675,state
CO,uninsured,wk3_4,asian,0.06259113548649606,0.04123825859582351,0.08082698684781407,-0.018235851361318015,0.14341812233431012,state
CO,uninsured,wk3_4,black,0.1775101489701398,0.08301489218045822,0.16270918867369813,0.014800960296441679,0.34021933764383794,state
CO,uninsured,wk3_4,hispanic,0.19344530831060774,0.035946832790144614,0.07045579226868344,0.1229895160419243,0.26390110057929117,state
CO,uninsured,wk3_4,other,0.14181254141390875,0.06472938279284282,0.12686959027397193,0.014942951139936822,0.2686821316878807,state
CO,uninsured,wk3_4,white,0.0784312915996394,0.012030226404766056,0.02357924375334147,0.05485204784629792,0.10201053535298087,state
CT,uninsured,wk3_4,asian,0.09323432583949008,0.05628388737772346,0.11031641926033799,-0.017082093420847905,0.20355074509982807,state
CT,uninsured,wk3_4,black,0.028095651027145552,0.01579761385406793,0.03096332315397314,-0.0028676721268275883,0.05905897418111869,state
CT,uninsured,wk3_4,hispanic,0.21417240796629572,0.05016692553953728,0.09832717405749306,0.11584523390880266,0.3124995820237888,state
CT,uninsured,wk3_4,other,0.09407863423911794,0.06183022584950239,0.12118724266502467,-0.027108608425906733,0.21526587690414262,state
CT,uninsured,wk3_4,white,0.01966422367740143,0.004310114653894733,0.008447824721633676,0.011216398955767756,0.028112048399035108,state
DC,uninsured,wk3_4,asian,0.0478900884979419,0.03009832560678246,0.05899271818929362,-0.011102629691351722,0.10688280668723552,state
DC,uninsured,wk3_4,black,0.0817752537788912,0.025755125386335575,0.05048004575721773,0.03129520802167347,0.13225529953610893,state
DC,uninsured,wk3_4,hispanic,0.06935241046477827,0.03508196793204462,0.06876065714680746,5.917533179708168e-4,0.13811306761158573,state
DC,uninsured,wk3_4,other,0.016159950079427728,0.015354319031132975,0.03009446530102063,-0.013934515221592902,0.04625441538044836,state
DC,uninsured,wk3_4,white,0.026505270303771304,0.010930577238156427,0.021423931386786596,0.005081338916984708,0.0479292016905579,state
DE,uninsured,wk3_4,asian,0.08294800036955642,0.05334001142775985,0.1045464223984093,-0.021598422028852884,0.18749442276796574,state
DE,uninsured,wk3_4,black,0.06005067261577031,0.01762234527598641,0.03453979674093336,0.025510875874836948,0.09459046935670368,state
DE,uninsured,wk3_4,hispanic,0.12710581282587594,0.04401073253171241,0.08626103576215631,0.040844777063719626,0.21336684858803223,state
DE,uninsured,wk3_4,other,0.09085931615123793,0.04454360830742087,0.08730547228254491,0.0035538438686930213,0.17816478843378286,state
DE,uninsured,wk3_4,white,0.08727004036545039,0.02210643542854979,0.043328613439957586,0.0439414269254928,0.13059865380540797,state
FL,uninsured,wk3_4,asian,0.16942002367255143,0.05586294784334369,0.10949137777295363,0.0599286458995978,0.2789114014455051,state
FL,uninsured,wk3_4,black,0.18075068007144884,0.04373011395164362,0.08571102334522149,0.09503965672622736,0.2664617034166703,state
FL,uninsured,wk3_4,hispanic,0.14806011280120793,0.021125549671730515,0.04140607735659181,0.10665403544461612,0.18946619015779975,state
FL,uninsured,wk3_4,other,0.16968054592698606,0.04018402923018847,0.0787606972911694,0.09091984863581666,0.24844124321815547,state
FL,uninsured,wk3_4,white,0.077110562420856,0.00722248835763713,0.014156077180968774,0.06295448523988723,0.09126663960182477,state
GA,uninsured,wk3_4,asian,0.3536716763843798,0.059458458434629165,0.11653857853187316,0.23713309785250664,0.47021025491625296,state
GA,uninsured,wk3_4,black,0.1495511429595413,0.02388983747140348,0.04682408144395082,0.1027270615155905,0.19637522440349212,state
GA,uninsured,wk3_4,hispanic,0.18075298288190325,0.038248308302747995,0.07496668427338607,0.10578629860851718,0.2557196671552893,state
GA,uninsured,wk3_4,other,0.12231105321841869,0.05241461614786982,0.10273264764982484,0.019578405568593846,0.22504370086824355,state
GA,uninsured,wk3_4,white,0.10073925896616907,0.013625323615327476,0.026705634286041852,0.07403362468012722,0.12744489325221092,state
HI,uninsured,wk3_4,asian,0.04683237443466261,0.011031893475077853,0.021622511211152592,0.025209863223510015,0.0684548856458152,state
HI,uninsured,wk3_4,black,0,0,0,0,0,state
HI,uninsured,wk3_4,hispanic,0.129204864198046,0.0374900551954161,0.07348050818301556,0.05572435601503044,0.20268537238106155,state
HI,uninsured,wk3_4,other,0.030379956482382658,0.010804278026829664,0.02117638493258614,0.009203571549796518,0.0515563414149688,state
HI,uninsured,wk3_4,white,0.04971329144127306,0.01650502042184882,0.03234984002682369,0.017363451414449373,0.08206313146809674,state
IA,uninsured,wk3_4,asian,0.0215323885438686,0.024043907437846585,0.04712605857817931,-0.02559367003431071,0.06865844712204791,state
IA,uninsured,wk3_4,black,0.19896363634241498,0.08721712041718722,0.17094555601768696,0.028018080324728023,0.36990919236010195,state
IA,uninsured,wk3_4,hispanic,0.1390819085122874,0.11728640073100986,0.22988134543277933,-0.09079943692049192,0.36896325394506674,state
IA,uninsured,wk3_4,other,0.07409225236329037,0.04374460360040807,0.08573942305679981,-0.011647170693509443,0.1598316754200902,state
IA,uninsured,wk3_4,white,0.03337289707857854,0.005815125784338678,0.011397646537303808,0.021975250541274728,0.04477054361588235,state
ID,uninsured,wk3_4,asian,0.01017473151737179,0.01109782676241373,0.02175174045433091,-0.011577008936959118,0.0319264719717027,state
ID,uninsured,wk3_4,black,0,0,0,0,0,state
ID,uninsured,wk3_4,hispanic,0.08355381092537129,0.03195459130692092,0.062630998961565,0.020922811963806284,0.14618480988693627,state
ID,uninsured,wk3_4,other,0.07154060974301543,0.044862321143716674,0.08793014944168467,-0.016389539698669242,0.1594707591847001,state
ID,uninsured,wk3_4,white,0.09580470327655614,0.010951299026057425,0.021464546091072553,0.07434015718548359,0.1172692493676287,state
IL,uninsured,wk3_4,asian,0.1174216437579371,0.05051406626643052,0.09900756988220381,0.01841407387573328,0.2164292136401409,state
IL,uninsured,wk3_4,black,0.1307085359069422,0.03594325982596342,0.0704487892588883,0.060259746648053905,0.20115732516583051,state
IL,uninsured,wk3_4,hispanic,0.21023227615006723,0.04251433941749812,0.08332810525829631,0.12690417089177092,0.29356038140836355,state
IL,uninsured,wk3_4,other,0.028671683626715287,0.023764132232591856,0.04657769917588004,-0.017906015549164753,0.07524938280259533,state
IL,uninsured,wk3_4,white,0.040133244277517834,0.007705914406069013,0.015103592235895266,0.025029652041622566,0.0552368365134131,state
IN,uninsured,wk3_4,asian,0.05535441005237716,0.05215882227532061,0.10223129165962838,-0.046876881607251224,0.15758570171200553,state
IN,uninsured,wk3_4,black,0.0804022454205767,0.02476983508594801,0.0485488767684581,0.031853368652118595,0.1289511221890348,state
IN,uninsured,wk3_4,hispanic,0.1937534794848219,0.0522170968840586,0.10234550989275486,0.09140796959206705,0.2960989893775768,state
IN,uninsured,wk3_4,other,0.0734581405558999,0.041549835493643605,0.08143767756754146,-0.007979537011641558,0.15489581812344136,state
IN,uninsured,wk3_4,white,0.08132399082593574,0.00945046539509401,0.01852291217438426,0.06280107865155148,0.09984690300032,state
KS,uninsured,wk3_4,asian,0.00811259725153189,0.006166577902280352,0.01208649268846949,-0.0039738954369376005,0.02019908994000138,state
KS,uninsured,wk3_4,black,0.18760698769771778,0.07129020185736927,0.13972879564044377,0.047878192057274005,0.32733578333816155,state
KS,uninsured,wk3_4,hispanic,0.3092747660944421,0.06032279235120688,0.11823267300836549,0.19104209308607661,0.4275074391028076,state
KS,uninsured,wk3_4,other,0.07283511836546758,0.03856248445001248,0.07558246952202446,-0.0027473511565568876,0.14841758788749204,state
KS,uninsured,wk3_4,white,0.0949437034548623,0.013059688866925965,0.02559699017917489,0.06934671327568742,0.12054069363403719,state
KY,uninsured,wk3_4,asian,0.003567117841476564,0.004950308586559669,0.009702604829656953,-0.006135486988180389,0.013269722671133516,state
KY,uninsured,wk3_4,black,0.054288047614773155,0.021080710278345734,0.04131819214555764,0.012969855469215516,0.0956062397603308,state
KY,uninsured,wk3_4,hispanic,0.13998986414068898,0.09568212951685254,0.18753697385303097,-0.047547109712341995,0.32752683799371995,state
KY,uninsured,wk3_4,other,0.025332064036821266,0.018132233704189205,0.03553917806021084,-0.010207114023389575,0.06087124209703211,state
KY,uninsured,wk3_4,white,0.050137537985279576,0.009301613953587199,0.01823116334903091,0.031906374636248666,0.06836870133431049,state
LA,uninsured,wk3_4,asian,0.0032159490970937385,0.003334959624381815,0.006536520863788357,-0.003320571766694619,0.009752469960882096,state
LA,uninsured,wk3_4,black,0.1044079220045333,0.037430534364518556,0.07336384735445636,0.03104407465007694,0.17777176935898967,state
LA,uninsured,wk3_4,hispanic,0.27513249198312334,0.07400787161328691,0.14505542836204235,0.13007706362108098,0.4201879203451657,state
LA,uninsured,wk3_4,other,0.041004801744307005,0.03221425599404529,0.06313994174832877,-0.02213514000402176,0.10414474349263578,state
LA,uninsured,wk3_4,white,0.061401983961677356,0.01066302755739484,0.02089953401249389,0.040502449949183464,0.08230151797417125,state
MA,uninsured,wk3_4,asian,0.06929910806968759,0.03452972190851224,0.06767825494068398,0.001620853129003605,0.13697736301037156,state
MA,uninsured,wk3_4,black,0.13077725988777977,0.045152197177930745,0.08849830646874426,0.04227895341903551,0.21927556635652404,state
MA,uninsured,wk3_4,hispanic,0.10041168482534671,0.031041668804385046,0.06084167085659469,0.03957001396875202,0.1612533556819414,state
MA,uninsured,wk3_4,other,0.05861317245444343,0.029676276985860957,0.058165502892287474,4.4766956215595843e-4,0.1167786753467309,state
MA,uninsured,wk3_4,white,0.036061437190463064,0.008498511445473358,0.01665708243312778,0.019404354757335283,0.052718519623590844,state
MD,uninsured,wk3_4,asian,0.02383780350769499,0.021176180741647847,0.04150531425362978,-0.017667510745934787,0.06534311776132477,state
MD,uninsured,wk3_4,black,0.11729557670417419,0.028497609462369594,0.0558553145462444,0.06144026215792979,0.1731508912504186,state
MD,uninsured,wk3_4,hispanic,0.18016633384054914,0.05112514583012139,0.10020528582703793,0.07996104801351121,0.28037161966758706,state
MD,uninsured,wk3_4,other,0.04505896451276751,0.0283096292137764,0.05548687325900174,-0.010427908746234234,0.10054583777176926,state
MD,uninsured,wk3_4,white,0.03484986199137212,0.007613245421422071,0.014921961025987258,0.01992790096538486,0.04977182301735938,state
ME,uninsured,wk3_4,asian,0.02998207707690438,0.03818625694619355,0.07484506361453935,-0.04486298653763497,0.10482714069144373,state
ME,uninsured,wk3_4,black,0.004242330662679517,0.005294882999957214,0.01037797067991614,-0.006135640017236622,0.014620301342595655,state
ME,uninsured,wk3_4,hispanic,0.05720087395908691,0.03078811435944027,0.06034470414450293,-0.003143830185416016,0.11754557810358984,state
ME,uninsured,wk3_4,other,0.050392610674271004,0.03199339547638683,0.06270705513371817,-0.012314444459447169,0.11309966580798918,state
ME,uninsured,wk3_4,white,0.07563121251657208,0.012448260870742463,0.024398591306655226,0.051232621209916854,0.1000298038232273,state
MI,uninsured,wk3_4,asian,0.06651465972812313,0.036466743180097995,0.07147481663299207,-0.004960156904868937,0.1379894763611152,state
MI,uninsured,wk3_4,black,0.04151680857059588,0.014018133325724783,0.027475541318420574,0.014041267252175305,0.06899234988901645,state
MI,uninsured,wk3_4,hispanic,0.21629841523600463,0.06717285531412734,0.1316587964156896,0.08463961882031504,0.34795721165169424,state
MI,uninsured,wk3_4,other,0.11698127752045014,0.049231682035963405,0.09649409679048827,0.020487180729961862,0.2134753743109384,state
MI,uninsured,wk3_4,white,0.053691742567479675,0.009175060439164667,0.017983118460762747,0.03570862410671693,0.07167486102824241,state
MN,uninsured,wk3_4,asian,0.052081311793903004,0.026454285509432258,0.051850399598487223,2.3091219541578056e-4,0.10393171139239023,state
MN,uninsured,wk3_4,black,0.2109727639315105,0.08330382098240066,0.1632754891255053,0.04769727480600519,0.3742482530570158,state
MN,uninsured,wk3_4,hispanic,0.01630471178819052,0.010973347367324283,0.021507760839955595,-0.005203049051765076,0.03781247262814612,state
MN,uninsured,wk3_4,other,0.07547963475217144,0.04431770479928426,0.08686270140659716,-0.01138306665442572,0.16234233615876859,state
MN,uninsured,wk3_4,white,0.07245634339352651,0.012852452962880056,0.02519080780724491,0.047265535586281604,0.09764715120077141,state
MO,uninsured,wk3_4,asian,0.13455037701819011,0.07834879713259724,0.1535636423798906,-0.019013265361700477,0.2881140193980807,state
MO,uninsured,wk3_4,black,0.19325549445321658,0.04877717103131709,0.0956032552213815,0.09765223923183508,0.28885874967459807,state
MO,uninsured,wk3_4,hispanic,0.08649008190237549,0.03191899160290545,0.06256122354169467,0.023928858360680816,0.14905130544407016,state
MO,uninsured,wk3_4,other,0.19209478505858613,0.05551777462102205,0.10881483825720321,0.08327994680138291,0.30090962331578935,state
MO,uninsured,wk3_4,white,0.10802194523706146,0.013124246145842232,0.02572352244585077,0.08229842279121069,0.13374546768291223,state
MS,uninsured,wk3_4,asian,0.16793395258376004,0.11160259859750456,0.21874109325110894,-0.0508071406673489,0.386675045834869,state
MS,uninsured,wk3_4,black,0.21971279922180822,0.04486141045095918,0.08792836448387999,0.13178443473792822,0.3076411637056882,state
MS,uninsured,wk3_4,hispanic,0.15866341333788223,0.05276983085739218,0.10342886848048867,0.055234544857393555,0.2620922818183709,state
MS,uninsured,wk3_4,other,0.2726868648496637,0.10012925794204108,0.19625334556640053,0.07643351928326317,0.46894021041606426,state
MS,uninsured,wk3_4,white,0.1756552480159704,0.027697253297664353,0.05428661646342213,0.12136863155254828,0.22994186447939252,state
MT,uninsured,wk3_4,asian,0,0,0,0,0,state
MT,uninsured,wk3_4,black,0.18367215249179442,0.15691635965643272,0.30755606492660814,-0.12388391243481373,0.49122821741840256,state
MT,uninsured,wk3_4,hispanic,0.03791049043000453,0.030710798650620416,0.060193165355216016,-0.022282674925211486,0.09810365578522054,state
MT,uninsured,wk3_4,other,0.06335717584858036,0.02523840596377935,0.04946727568900752,0.013889900159572838,0.11282445153758788,state
MT,uninsured,wk3_4,white,0.08479231411000307,0.013158176354360536,0.02579002565454665,0.05900228845545642,0.11058233976454972,state
NC,uninsured,wk3_4,asian,0.11717404074269298,0.07150362838500873,0.14014711163461713,-0.022973070891924144,0.2573211523773101,state
NC,uninsured,wk3_4,black,0.11334972281462208,0.02443237461757037,0.04788745425043792,0.06546226856418416,0.16123717706506,state
NC,uninsured,wk3_4,hispanic,0.22672226483190783,0.0672808538908923,0.13187047362614893,0.0948517912057589,0.3585927384580567,state
NC,uninsured,wk3_4,other,0.08273845825700861,0.044153500331415026,0.08654086064957345,-0.003802402392564838,0.16927931890658204,state
NC,uninsured,wk3_4,white,0.09127777987825553,0.011179005870274332,0.02191085150573769,0.06936692837251784,0.11318863138399321,state
ND,uninsured,wk3_4,asian,0.26805134282543797,0.10006825207596168,0.19613377406888488,0.07191756875655309,0.46418511689432285,state
ND,uninsured,wk3_4,black,0.7113125047316163,0.20079801721843651,0.39356411374813555,0.3177483909834808,1.1048766184797518,state
ND,uninsured,wk3_4,hispanic,0.22793502538548083,0.11322539961436677,0.22192178324415887,0.006013242141321956,0.4498568086296397,state
ND,uninsured,wk3_4,other,0.3172974856659747,0.12039616099750207,0.23597647555510406,0.08132101011087065,0.5532739612210787,state
ND,uninsured,wk3_4,white,0.08333602314831913,0.018970085347946194,0.03718136728197454,0.04615465586634459,0.12051739043029366,state
NE,uninsured,wk3_4,asian,0.1700455726720855,0.09657331244794996,0.18928369239798193,-0.019238119725896424,0.35932926507006746,state
NE,uninsured,wk3_4,black,0.15300974187590732,0.06393431040773885,0.12531124839916816,0.027698493476739167,0.2783209902750755,state
NE,uninsured,wk3_4,hispanic,0.16278533944837398,0.054262325145114,0.10635415728442343,0.056431182163950544,0.2691394967327974,state
NE,uninsured,wk3_4,other,0.07501222584116221,0.04749348213036384,0.09308722497551312,-0.018074999134350914,0.16809945081667532,state
NE,uninsured,wk3_4,white,0.06157731045823249,0.011083759222619383,0.02172416807633399,0.0398531423818985,0.08330147853456649,state
NH,uninsured,wk3_4,asian,0.01776824928522965,0.017930608344067785,0.035143992354372856,-0.017375743069143208,0.05291224163960251,state
NH,uninsured,wk3_4,black,0.060109580938467466,0.046821802883917255,0.091770733652477815,-0.03166115271401035,0.15188031459094528,state
NH,uninsured,wk3_4,hispanic,0.38964513086082014,0.1232417905437836,0.24155390946581587,0.14809122139500427,0.631199040326636,state
NH,uninsured,wk3_4,other,0.03405762167362021,0.02785922690470645,0.05460408473322464,-0.020546463059604426,0.08866170640684484,state
NH,uninsured,wk3_4,white,0.04990181810185807,0.007326750881566063,0.014360431727869483,0.035541386373988584,0.06426224982972756,state
NJ,uninsured,wk3_4,asian,0.11681522976765996,0.035008483339523964,0.06861662734546697,0.04819860242219298,0.18543185711312693,state
NJ,uninsured,wk3_4,black,0.08113467805080699,0.022054001276577233,0.043225842502091376,0.03790883554871561,0.12436052055289837,state
NJ,uninsured,wk3_4,hispanic,0.23060396674778663,0.032127653000189375,0.06297019988037117,0.16763376686741546,0.29357416662815783,state
NJ,uninsured,wk3_4,other,0.17554053669688877,0.08849378211645331,0.1734478129482485,0.0020927237486402794,0.34898834964513725,state
NJ,uninsured,wk3_4,white,0.061090594129687856,0.010867556667310355,0.021300411067928297,0.03979018306175956,0.08239100519761615,state
NM,uninsured,wk3_4,asian,0.010534974664239033,0.010924965092307828,0.021412931580923344,-0.010877956916684311,0.031947906245162375,state
NM,uninsured,wk3_4,black,0,0,0,0,0,state
NM,uninsured,wk3_4,hispanic,0.10714226762013217,0.021381160602856393,0.04190707478159853,0.06523519283853363,0.1490493424017307,state
NM,uninsured,wk3_4,other,0.1285928145367775,0.038422643723836,0.07530838169871855,0.05328443283805896,0.20390119623549607,state
NM,uninsured,wk3_4,white,0.056743093624976565,0.017736145087622057,0.03476284437173923,0.021980249253237334,0.0915059379967158,state
NV,uninsured,wk3_4,asian,0.161695898300463,0.05346727841146821,0.10479586568647768,0.05690003261398531,0.2664917639869407,state
NV,uninsured,wk3_4,black,0.06703544647848138,0.023243427217492004,0.04555711734628433,0.02147832913219705,0.1125925638247657,state
NV,uninsured,wk3_4,hispanic,0.22659751078382107,0.034877231607554994,0.06835937395080778,0.1582381368330133,0.29495688473462883,state
NV,uninsured,wk3_4,other,0.12104480111335802,0.051707153876518586,0.10134602159797643,0.019698779515381598,0.22239082271133445,state
NV,uninsured,wk3_4,white,0.05004048933349033,0.00867463847116554,0.01700229140348446,0.03303819793000587,0.0670427807369748,state
NY,uninsured,wk3_4,asian,0.032031685481231684,0.013607519864043915,0.026670738933526072,0.005360946547705612,0.05870242441475776,state
NY,uninsured,wk3_4,black,0.028817421241214742,0.012814116264634558,0.02511566787868373,0.0037017533625310108,0.05393308911989847,state
NY,uninsured,wk3_4,hispanic,0.1745396660174888,0.03707676581161035,0.07267046099075629,0.10186920502673251,0.24721012700824507,state
NY,uninsured,wk3_4,other,0.08926799729207995,0.04558986804585516,0.08935614136987612,-8.814407779617062e-5,0.17862413866195606,state
NY,uninsured,wk3_4,white,0.03815776132425111,0.007663006602634871,0.015019492941164347,0.023138268383086764,0.05317725426541546,state
OH,uninsured,wk3_4,asian,0.08388158407686842,0.05204173914000805,0.10200180871441578,-0.018120224637547352,0.18588339279128419,state
OH,uninsured,wk3_4,black,0.10894798633290895,0.03471854549414376,0.06804834916852176,0.04089963716438719,0.1769963355014307,state
OH,uninsured,wk3_4,hispanic,0.11378292533531527,0.04063112426144078,0.07963700355242394,0.03414592178289133,0.1934199288877392,state
OH,uninsured,wk3_4,other,0.13805606399853046,0.07455161555708795,0.14612116649189238,-0.008065102493361925,0.28417723049042287,state
OH,uninsured,wk3_4,white,0.06423005432977334,0.011957543423091473,0.023436785109259287,0.04079326922051406,0.08766683943903263,state
OK,uninsured,wk3_4,asian,0.17537976705492703,0.11546012911188688,0.22630185305929829,-0.05092208600437126,0.4016816201142253,state
OK,uninsured,wk3_4,black,0.23361554157041162,0.060761481149243714,0.11909250305251767,0.11452303851789394,0.35270804462292926,state
OK,uninsured,wk3_4,hispanic,0.24297608303373835,0.06964241042199325,0.13649912442710677,0.10647695860663159,0.3794752074608451,state
OK,uninsured,wk3_4,other,0.22549774843812154,0.04594464568308819,0.09005150553885286,0.13544624289926868,0.3155492539769744,state
OK,uninsured,wk3_4,white,0.13065097020873767,0.015194252532934379,0.029780734964551383,0.10087023524418628,0.16043170517328906,state
OR,uninsured,wk3_4,asian,0.030653823087237714,0.021263271040626183,0.04167601123962732,-0.011022188152389603,0.07232983432686503,state
OR,uninsured,wk3_4,black,0.04740721132908665,0.036999002533057095,0.0725180449647919,-0.02511083363570525,0.11992525629387855,state
OR,uninsured,wk3_4,hispanic,0.1295535225061344,0.03790102664282395,0.07428601221993494,0.055267510286199445,0.20383953472606933,state
OR,uninsured,wk3_4,other,0.12014220860017467,0.04022199191224939,0.0788351041480088,0.04130710445216587,0.19897731274818348,state
OR,uninsured,wk3_4,white,0.04875007162018711,0.0069621202987585895,0.013645755785566835,0.03510431583462027,0.062395827405753945,state
PA,uninsured,wk3_4,asian,0.0013240505172757648,0.0013867105986098065,0.002717952773275221,-0.001393902255999456,0.004042003290550986,state
PA,uninsured,wk3_4,black,0.2558091166590225,0.061605312617724735,0.12074641273074048,0.135062703928282,0.376555529389763,state
PA,uninsured,wk3_4,hispanic,0.26546347614869903,0.05953218571191794,0.11668308399535916,0.14878039215333988,0.3821465601440582,state
PA,uninsured,wk3_4,other,0.10348219664089846,0.05623408289294863,0.11021880247017932,-0.006736605829280859,0.21370099911107776,state
PA,uninsured,wk3_4,white,0.0719992204402397,0.009607882268833358,0.018831449246913382,0.053167771193326316,0.09083066968715307,state
RI,uninsured,wk3_4,asian,0.00741821028339985,0.007924709164185775,0.015532429961804118,-0.008114219678404267,0.02295064024520397,state
RI,uninsured,wk3_4,black,0.034170306368444314,0.029441591544072783,0.057705519426382655,-0.02353521305793834,0.09187582579482698,state
RI,uninsured,wk3_4,hispanic,0.05758141703251354,0.029059108912736893,0.05695585346896431,6.255635635492307e-4,0.11453727050147786,state
RI,uninsured,wk3_4,other,0.11163711534655865,0.08718697984964335,0.17088648050530097,-0.05924936515874232,0.2825235958518596,state
RI,uninsured,wk3_4,white,0.03472761234039236,0.007600249774079395,0.014896489557195615,0.019831122783196743,0.04962410189758797,state
SC,uninsured,wk3_4,asian,0.13162582908111112,0.12350395622975512,0.24206775421032004,-0.11044192512920892,0.37369358329143115,state
SC,uninsured,wk3_4,black,0.11767473634811897,0.03378891683758112,0.06622627700165899,0.051448459346459974,0.18390101334977796,state
SC,uninsured,wk3_4,hispanic,0.360897026956256,0.07121977216671083,0.13959075344675323,0.22130627350950274,0.5004877804030092,state
SC,uninsured,wk3_4,other,0.17976152666198106,0.07349004363681982,0.14404048552816684,0.03572104113381422,0.3238020121901479,state
SC,uninsured,wk3_4,white,0.10331863976500222,0.013327519099431421,0.026121937434885584,0.07719670233011663,0.1294405771998878,state
SD,uninsured,wk3_4,asian,0,0,0,0,0,state
SD,uninsured,wk3_4,black,0.2723349691229423,0.16634954790090634,0.3260451138857764,-0.05371014476283409,0.5983800830087187,state
SD,uninsured,wk3_4,hispanic,0.1553982333285143,0.07923243975620053,0.15529558192215304,1.0265140636125936e-4,0.3106938152506673,state
SD,uninsured,wk3_4,other,0.12506547550992173,0.05666444128500896,0.11106230491861756,0.014003170591304168,0.23612778042853927,state
SD,uninsured,wk3_4,white,0.06405340226395699,0.01019256375062844,0.01997742495123174,0.04407597731272525,0.08403082721518873,state
TN,uninsured,wk3_4,asian,0.08508511033089308,0.06605927340987722,0.12947617588335936,-0.044391065552466275,0.21456128621425244,state
TN,uninsured,wk3_4,black,0.10835454148400599,0.02346040488912987,0.04598239358269455,0.06237214790131144,0.15433693506670054,state
TN,uninsured,wk3_4,hispanic,0.4106862436231301,0.11057245984615402,0.21672202129846188,0.19396422232466823,0.627408264921592,state
TN,uninsured,wk3_4,other,0.18853081434633362,0.09416665477498921,0.18456664335897885,0.00396417098735477,0.37309745770531244,state
TN,uninsured,wk3_4,white,0.0990163549681578,0.014441418767934054,0.028305180785150746,0.07071117418300706,0.12732153575330854,state
TX,uninsured,wk3_4,asian,0.1115378332454041,0.028089269092169737,0.05505496742065268,0.05648286582475142,0.16659280066605678,state
TX,uninsured,wk3_4,black,0.19198391103812598,0.03617333425807746,0.07089973514583181,0.12108417589229417,0.26288364618395776,state
TX,uninsured,wk3_4,hispanic,0.24562417265679945,0.023450222094074616,0.04596243530438625,0.19966173735241322,0.2915866079611857,state
TX,uninsured,wk3_4,other,0.23472827783822658,0.058814309426094745,0.1152760464751457,0.11945223136308089,0.35000432431337225,state
TX,uninsured,wk3_4,white,0.1288178330045393,0.013873605493080511,0.027192266766437802,0.10162556623810151,0.1560100997709771,state
UT,uninsured,wk3_4,asian,0.0556977180871856,0.04465126768515382,0.08751648466290148,-0.031818766575715876,0.14321420275008706,state
UT,uninsured,wk3_4,black,0.1097124328039794,0.09219074766024284,0.18069386541407595,-0.07098143261009655,0.29040629821805536,state
UT,uninsured,wk3_4,hispanic,0.271118611884029,0.04494840079655618,0.08809886556125011,0.1830197463227789,0.35921747744527915,state
UT,uninsured,wk3_4,other,0.22183779389957028,0.07462951376425002,0.14627384697793003,0.07556394692164026,0.3681116408775003,state
UT,uninsured,wk3_4,white,0.07632555605725938,0.011158991443352391,0.021871623228970686,0.0544539328282887,0.09819717928623006,state
VA,uninsured,wk3_4,asian,0.13822203190196924,0.06100613901603369,0.11957203247142603,0.018649999430543213,0.25779406437339525,state
VA,uninsured,wk3_4,black,0.08997890671626883,0.02265857882185549,0.04441081449083676,0.04556809222543207,0.1343897212071056,state
VA,uninsured,wk3_4,hispanic,0.14646636554129988,0.041901486309060716,0.082126913165759,0.06433945237554088,0.22859327870705887,state
VA,uninsured,wk3_4,other,0.03050340744724874,0.017984606430123555,0.03524982860304217,-0.0047464211557934274,0.0657532360502909,state
VA,uninsured,wk3_4,white,0.06504674581318629,0.012860699233455212,0.025206970497572215,0.03983977531561407,0.0902537163107585,state
VT,uninsured,wk3_4,asian,0,0,0,0,0,state
VT,uninsured,wk3_4,black,0,0,0,0,0,state
VT,uninsured,wk3_4,hispanic,0.06692838026669388,0.04524431834990724,0.08867886396581819,-0.0217504836991243,0.15560724423251207,state
VT,uninsured,wk3_4,other,0.053059955671015686,0.04569301527356318,0.08955830993618384,-0.036498354265168155,0.14261826560719953,state
VT,uninsured,wk3_4,white,0.0452171310222105,0.009606949388676317,0.018829620801805582,0.026387510220404916,0.06404675182401608,state
WA,uninsured,wk3_4,asian,0.03984977210635223,0.014779258120762095,0.028967345916693706,0.010882426189658526,0.06881711802304594,state
WA,uninsured,wk3_4,black,0.10386670201105042,0.057919324728277016,0.11352187646742296,-0.00965517445637254,0.21738857847847337,state
WA,uninsured,wk3_4,hispanic,0.14870288215689137,0.033180776517690344,0.06503432197467307,0.0836685601822183,0.21373720413156444,state
WA,uninsured,wk3_4,other,0.0528248653769858,0.01722461849382001,0.033760252247887215,0.019064613129098587,0.08658511762487302,state
WA,uninsured,wk3_4,white,0.04930006309257583,0.006620656479196472,0.012976486699225086,0.03632357639335074,0.06227654979180092,state
WI,uninsured,wk3_4,asian,0.08393748259047995,0.0725028617153395,0.14210560896206542,-0.05816812637158547,0.22604309155254537,state
WI,uninsured,wk3_4,black,0.19271406863064255,0.06538136787705744,0.12814748103903256,0.06456658759160999,0.3208615496696751,state
WI,uninsured,wk3_4,hispanic,0.11601505412927193,0.05999509355350427,0.11759038336486836,-0.0015753292355964316,0.2336054374941403,state
WI,uninsured,wk3_4,other,0.18224958291876656,0.09291070022930889,0.18210497244944543,1.4461046932112698e-4,0.364354555368212,state
WI,uninsured,wk3_4,white,0.05511590028771879,0.009184883030493194,0.01800237073976666,0.03711352954795213,0.07311827102748544,state
WV,uninsured,wk3_4,asian,0.07535993831674635,0.07134135651104197,0.13982905876164226,-0.0644691204448959,0.21518899707838862,state
WV,uninsured,wk3_4,black,0.3173659270307713,0.13402749526272403,0.2626938907149391,0.05467203631583223,0.5800598177457104,state
WV,uninsured,wk3_4,hispanic,0.25014699545663677,0.11038250895852351,0.21634971755870608,0.03379727789793069,0.46649671301534285,state
WV,uninsured,wk3_4,other,0.017426478705867065,0.01426500631281475,0.02795941237311691,-0.010532933667249843,0.04538589107898397,state
WV,uninsured,wk3_4,white,0.0904181352328394,0.016771106470623725,0.0328713686824225,0.0575467665504169,0.12328950391526189,state
WY,uninsured,wk3_4,asian,0,0,0,0,0,state
WY,uninsured,wk3_4,black,0.06393612330707986,0.09497083647919442,0.18614283949922106,-0.1222067161921412,0.25007896280630093,state
WY,uninsured,wk3_4,hispanic,0.2728376704055919,0.06927724721202008,0.13578340453555937,0.13705426587003255,0.4086210749411513,state
WY,uninsured,wk3_4,other,0.2671201017968761,0.10990774333460737,0.21541917693583043,0.05170092486104569,0.4825392787327065,state
WY,uninsured,wk3_4,white,0.08327963547482672,0.013756235564953385,0.026962221707308633,0.05631741376751809,0.11024185718213536,state